"zip","id","formattedAddress","addressLine1","addressLine2","city","state","zipCode","county","latitude","longitude","propertyType","listingType","bedrooms","bathrooms","squareFootage","lotSize","yearBuilt","hoa.fee","status","price","listedDate","removedDate","daysOnMarket"
"1","120-Village-St,-Dorset,-VT-05253","120 Village St, Dorset, VT 05253","120 Village St",NA,"Dorset","VT","05253","Bennington",43.2357,-73.0094,"Single Family","Standard",4,3.5,3861,47916,1850,NA,"Active",439500,"2024-11-27T00:00:00.000Z","list()",400
"1","Havoc-Hill-Rd,-Dorset,-VT-05253","Havoc Hill Rd, Dorset, VT 05253","Havoc Hill Rd",NA,"Dorset","VT","05253","Bennington",43.2398,-73.0093,"Land","Standard",NA,NA,NA,148975,NA,NA,"Active",249000,"2025-07-22T00:00:00.000Z","list()",163
"1","1347-Morse-Hill-Rd,-Lot-12A,-Dorset,-VT-05253","1347 Morse Hill Rd, Lot 12A, Dorset, VT 05253","1347 Morse Hill Rd","Lot 12A","Dorset","VT","05253","Bennington",43.2188,-73.0321,"Land","Standard",NA,NA,NA,405108,NA,13,"Active",329000,"2025-11-14T00:00:00.000Z","list()",48
"1","393-Morse-Hill-Rd,-Dorset,-VT-05253","393 Morse Hill Rd, Dorset, VT 05253","393 Morse Hill Rd",NA,"Dorset","VT","05253","Bennington",43.2263,-73.0179,"Single Family","Standard",3,2,1460,43560,1985,NA,"Inactive",459000,"2025-07-18T00:00:00.000Z","2025-10-22T00:00:00.000Z",96
"1","297-Mad-Tom-Rd,-Dorset,-VT-05253","297 Mad Tom Rd, Dorset, VT 05253","297 Mad Tom Rd",NA,"Dorset","VT","05253","Bennington",43.2391,-73.0042,"Single Family","Standard",3,1,1362,24829,1920,NA,"Inactive",339000,"2025-04-24T00:00:00.000Z","2025-06-12T00:00:00.000Z",49
"1","109-Mad-Tom-Rd,-Dorset,-VT-05253","109 Mad Tom Rd, Dorset, VT 05253","109 Mad Tom Rd",NA,"Dorset","VT","05253","Bennington",43.24,-73.008,"Single Family","Standard",4,1,2986,27007,1860,NA,"Inactive",599000,"2024-10-09T00:00:00.000Z","2025-02-18T00:00:00.000Z",132
"1","1310-Dorset-Hill-Rd,-Dorset,-VT-05253","1310 Dorset Hill Rd, Dorset, VT 05253","1310 Dorset Hill Rd",NA,"Dorset","VT","05253","Bennington",43.2377,-73.0194,"Single Family","Standard",4,3,3384,910404,1961,NA,"Inactive",1874500,"2024-06-21T00:00:00.000Z","2024-12-01T00:00:00.000Z",163
"1","737-Squirrel-Hollow-Rd,-Dorset,-VT-05253","737 Squirrel Hollow Rd, Dorset, VT 05253","737 Squirrel Hollow Rd",NA,"Dorset","VT","05253","Bennington",43.2464,-73.0181,"Land","Standard",NA,NA,NA,226948,NA,NA,"Inactive",435000,"2024-10-08T00:00:00.000Z","2024-11-25T00:00:00.000Z",48
"1","255-Mad-Tom-Rd,-Dorset,-VT-05253","255 Mad Tom Rd, Dorset, VT 05253","255 Mad Tom Rd",NA,"Dorset","VT","05253","Bennington",43.2394,-73.0052,"Single Family",NA,3,1.5,2168,15682,1905,NA,"Inactive",495000,"2024-05-28T00:00:00.000Z","2024-07-19T00:00:00.000Z",52
"1","308-Uphill-Ln,-Dorset,-VT-05253","308 Uphill Ln, Dorset, VT 05253","308 Uphill Ln",NA,"Dorset","VT","05253","Bennington",43.2296,-73.0291,"Single Family",NA,5,5,8835,500940,1989,NA,"Inactive",2250000,"2022-12-31T00:00:00.000Z","2024-04-23T00:00:00.000Z",479
"1","1902A-Dorset-Hill-Rd,-Dorset,-VT-05253","1902A Dorset Hill Rd, Dorset, VT 05253","1902A Dorset Hill Rd",NA,"Dorset","VT","05253","Bennington",43.2463,-73.0207,"Single Family",NA,4,2.5,2400,226512,2023,NA,"Inactive",1575000,"2023-09-01T00:00:00.000Z","2024-04-06T00:00:00.000Z",218
"1","124-Benedict-Rd,-Dorset,-VT-05253","124 Benedict Rd, Dorset, VT 05253","124 Benedict Rd",NA,"Dorset","VT","05253","Bennington",43.2245,-73.0121,"Single Family",NA,5,3,3031,23087,1840,NA,"Inactive",375000,"2024-03-07T00:00:00.000Z","2024-03-23T00:00:00.000Z",16
"1","1902-Dorset-Hill-Rd,-Dorset,-VT-05253","1902 Dorset Hill Rd, Dorset, VT 05253","1902 Dorset Hill Rd",NA,"Dorset","VT","05253","Bennington",43.2464,-73.0195,"Single Family",NA,4,2.5,3727,226512,2023,NA,"Inactive",1875000,"2023-10-05T00:00:00.000Z","2024-03-10T00:00:00.000Z",157
"1","768-Sleighbell-Ln,-Dorset,-VT-05253","768 Sleighbell Ln, Dorset, VT 05253","768 Sleighbell Ln",NA,"Dorset","VT","05253","Bennington",43.2119,-73.0238,"Single Family",NA,4,6,4198,322780,2006,NA,"Inactive",1475000,"2023-08-23T00:00:00.000Z","2023-12-28T00:00:00.000Z",127
"1","199-Mad-Tom-Rd,-Dorset,-VT-05253","199 Mad Tom Rd, Dorset, VT 05253","199 Mad Tom Rd",NA,"Dorset","VT","05253","Bennington",43.2398,-73.0063,"Single Family",NA,3,1.5,2340,54450,1860,NA,"Inactive",550000,"2023-07-04T00:00:00.000Z","2023-12-05T00:00:00.000Z",154
"1","96-Mt-Aeolus-Ln,-Dorset,-VT-05253","96 Mt Aeolus Ln, Dorset, VT 05253","96 Mt Aeolus Ln",NA,"Dorset","VT","05253","Bennington",43.2206,-73.023,"Single Family",NA,3,1,2678,130680,1987,NA,"Inactive",649000,"2023-06-04T00:00:00.000Z","2023-06-14T00:00:00.000Z",10
"1","85-Benedict-Rd,-Dorset,-VT-05253","85 Benedict Rd, Dorset, VT 05253","85 Benedict Rd",NA,"Dorset","VT","05253","Bennington",43.2219,-73.0123,"Single Family",NA,4,2.5,2129,21780,1965,NA,"Inactive",399000,"2022-09-26T00:00:00.000Z","2023-04-15T00:00:00.000Z",201
"1","161-Dorset-Hill-Rd,-Dorset,-VT-05253","161 Dorset Hill Rd, Dorset, VT 05253","161 Dorset Hill Rd",NA,"Dorset","VT","05253","Bennington",43.2228,-73.0327,"Single Family",NA,3,1.5,2592,251341,1972,NA,"Inactive",699000,"2023-03-08T00:00:00.000Z","2023-03-19T00:00:00.000Z",11
"1","Dorset-Hill-Rd,-Dorset,-VT-05253","Dorset Hill Rd, Dorset, VT 05253","Dorset Hill Rd",NA,"Dorset","VT","05253","Bennington",43.2759,-73.0154,"Land",NA,NA,NA,NA,448668,NA,NA,"Inactive",130000,"2022-03-29T00:00:00.000Z","2023-02-16T00:00:00.000Z",324
"1","216-Village-St,-Dorset,-VT-05253","216 Village St, Dorset, VT 05253","216 Village St",NA,"Dorset","VT","05253","Bennington",43.2371,-73.0094,"Land",NA,NA,NA,NA,47480,NA,NA,"Inactive",90000,"2022-09-12T01:46:56.000Z","2023-01-26T00:00:00.000Z",136
"1","Birchstone-Ln,-Lot-12,-Dorset,-VT-05253","Birchstone Ln, Lot 12, Dorset, VT 05253","Birchstone Ln","Lot 12","Dorset","VT","05253","Bennington",43.2622,-72.9918,"Land",NA,NA,NA,NA,265716,NA,NA,"Inactive",245000,"2022-10-08T14:43:36.000Z","2022-12-15T14:47:28.469Z",69
"1","104-Morse-Hill-Rd,-Dorset,-VT-05253","104 Morse Hill Rd, Dorset, VT 05253","104 Morse Hill Rd",NA,"Dorset","VT","05253","Bennington",43.2296,-73.0132,"Single Family",NA,2,1,1200,78408,1970,NA,"Inactive",275000,"2022-06-23T16:10:41.000Z","2022-11-05T14:54:46.394Z",135
"1","Rocky-Ln,-Dorset,-VT-05253","Rocky Ln, Dorset, VT 05253","Rocky Ln",NA,"Dorset","VT","05253","Bennington",43.2387,-72.9948,"Land",NA,NA,NA,NA,174240,NA,NA,"Inactive",28000,"2022-08-24T22:46:34.000Z","2022-10-03T14:52:34.921Z",40
"1","188-Benedict-Rd,-Dorset,-VT-05253","188 Benedict Rd, Dorset, VT 05253","188 Benedict Rd",NA,"Dorset","VT","05253","Bennington",43.2254,-73.012,"Single Family",NA,2,1,1412,33541,1910,NA,"Inactive",265000,"2022-08-02T14:05:20.000Z","2022-09-16T14:54:12.095Z",46
"1","103-Read-Farm-Ln,-Dorset,-VT-05253","103 Read Farm Ln, Dorset, VT 05253","103 Read Farm Ln",NA,"Dorset","VT","05253","Bennington",43.2174,-73.0148,"Single Family",NA,3,1.5,3107,145926,2001,NA,"Inactive",670000,"2022-07-05T13:56:04.000Z","2022-08-15T14:52:25.276Z",42
"1","49-Morse-Hill-Rd,-Dorset,-VT-05253","49 Morse Hill Rd, Dorset, VT 05253","49 Morse Hill Rd",NA,"Dorset","VT","05253","Bennington",43.2285,-73.0124,"Single Family",NA,4,2,2896,NA,NA,NA,"Inactive",499000,"2022-05-11T08:27:18.545Z","2022-08-12T16:13:01.148Z",94
"1","425-Green-Peak-Orchard-Rd,-Dorset,-VT-05253","425 Green Peak Orchard Rd, Dorset, VT 05253","425 Green Peak Orchard Rd",NA,"Dorset","VT","05253","Bennington",43.215,-73.031,"Single Family",NA,4,3.5,4050,NA,NA,NA,"Inactive",749000,"2021-11-24T10:30:53.921Z","2022-08-12T15:46:51.571Z",262
"1","3486-Dorset-Hill-Rd,-Dorset,-VT-05253","3486 Dorset Hill Rd, Dorset, VT 05253","3486 Dorset Hill Rd",NA,"Dorset","VT","05253","Bennington",43.269,-73.0153,"Land",NA,NA,NA,NA,NA,NA,NA,"Inactive",215000,"2022-02-26T06:43:42.374Z","2022-08-10T15:54:21.356Z",166
"1","Birchstone-Ln,-Lot-11,-Dorset,-VT-05253","Birchstone Ln, Lot 11, Dorset, VT 05253","Birchstone Ln","Lot 11","Dorset","VT","05253","Bennington",43.2607,-72.9917,"Land",NA,NA,NA,NA,NA,NA,NA,"Inactive",220000,"2021-11-27T11:01:08.990Z","2022-08-10T15:26:15.009Z",257
"1","121-Birchstone-Ln,-Dorset,-VT-05253","121 Birchstone Ln, Dorset, VT 05253","121 Birchstone Ln",NA,"Dorset","VT","05253","Bennington",43.2613,-72.9923,"Single Family",NA,4,3.5,4246,NA,NA,NA,"Inactive",739000,"2021-11-27T11:19:02.945Z","2022-08-09T21:28:20.541Z",256
"1","Mad-Tom-Rd,-Dorset,-VT-05253","Mad Tom Rd, Dorset, VT 05253","Mad Tom Rd",NA,"Dorset","VT","05253","Bennington",43.2502,-72.9923,"Land",NA,NA,NA,NA,NA,NA,NA,"Inactive",175000,"2021-01-15T08:34:30.433Z","2022-08-09T18:23:13.030Z",572
"1","147-Green-Peak-Orchard-Rd-N,-Dorset,-VT-05253","147 Green Peak Orchard Rd N, Dorset, VT 05253","147 Green Peak Orchard Rd N",NA,"Dorset","VT","05253","Bennington",43.2191,-73.0244,"Single Family",NA,5,3.5,6600,NA,NA,NA,"Inactive",1795000,"2021-03-14T08:21:27.233Z","2022-08-09T17:28:38.174Z",514
"1","45-Pleasant-Street-Ext,-Dorset,-VT-05253","45 Pleasant Street Ext, Dorset, VT 05253","45 Pleasant Street Ext",NA,"Dorset","VT","05253","Bennington",43.2371,-73.0062,"Single Family",NA,3,1,1032,NA,NA,NA,"Inactive",192500,"2021-07-02T07:35:21.616Z","2022-08-09T17:14:56.866Z",404
"1","3196-Route,-7,-Dorset,-VT-05253","3196 Route, 7, Dorset, VT 05253","3196 Route","7","Dorset","VT","05253","Bennington",43.2567,-73.0066,"Single Family",NA,3,2,1539,NA,NA,NA,"Inactive",120000,"2021-09-29T07:05:48.974Z","2022-08-09T16:47:55.514Z",315
"1","1280-Route,-7A,-Dorset,-VT-05253","1280 Route, 7A, Dorset, VT 05253","1280 Route","7A","Dorset","VT","05253","Bennington",43.2139,-73.0188,"Single Family",NA,6,4,3245,NA,NA,NA,"Inactive",319900,"2021-03-14T07:34:59.997Z","2022-08-09T15:00:36.921Z",514
"1","191-Pleasant-Street-Ext,-Dorset,-VT-05253","191 Pleasant Street Ext, Dorset, VT 05253","191 Pleasant Street Ext",NA,"Dorset","VT","05253","Bennington",43.2371,-73.0024,"Single Family",NA,3,1.5,1920,NA,NA,NA,"Inactive",425000,"2021-07-09T09:29:41.698Z","2022-08-08T19:22:46.163Z",396
"1","50-Ledge-Ln,-Dorset,-VT-05253","50 Ledge Ln, Dorset, VT 05253","50 Ledge Ln",NA,"Dorset","VT","05253","Bennington",43.2401,-73.0119,"Single Family",NA,3,2,2128,NA,NA,NA,"Inactive",350000,"2021-06-28T10:03:30.445Z","2022-08-08T19:22:46.163Z",407
"1","0-Mad-Tom-Rd,-Dorset,-VT-05253","0 Mad Tom Rd, Dorset, VT 05253","0 Mad Tom Rd",NA,"Dorset","VT","05253","Bennington",43.2502,-72.9923,"Land",NA,NA,NA,NA,NA,NA,NA,"Inactive",175000,"2021-07-09T09:17:18.398Z","2022-08-08T18:39:25.790Z",396
"1","358-Benedict-Rd,-Dorset,-VT-05253","358 Benedict Rd, Dorset, VT 05253","358 Benedict Rd",NA,"Dorset","VT","05253","Bennington",43.2276,-73.0118,"Single Family",NA,4,2,1652,NA,NA,NA,"Inactive",315000,"2020-11-07T05:34:43.583Z","2022-08-06T19:32:13.150Z",638
"1","111-Harmony-Ln,-Dorset,-VT-05253","111 Harmony Ln, Dorset, VT 05253","111 Harmony Ln",NA,"Dorset","VT","05253","Bennington",43.2147,-73.0197,"Single Family",NA,3,1,2304,NA,NA,NA,"Inactive",350000,"2021-01-15T09:06:30.457Z","2022-08-07T15:20:33.794Z",570
"1","227-Birchstone-Ln,-Dorset,-VT-05253","227 Birchstone Ln, Dorset, VT 05253","227 Birchstone Ln",NA,"Dorset","VT","05253","Bennington",43.2645,-72.9957,"Single Family",NA,3,3,2447,NA,NA,NA,"Inactive",725000,"2021-03-25T07:45:36.437Z","2022-08-07T15:30:09.084Z",501
"1","Read-Farm-Ln,-Dorset,-VT-05253","Read Farm Ln, Dorset, VT 05253","Read Farm Ln",NA,"Dorset","VT","05253","Bennington",43.2512,-73.0049,"Land",NA,NA,NA,NA,NA,NA,NA,"Inactive",79900,"2021-03-01T06:25:54.677Z","2022-08-08T17:43:37.989Z",526
"1","56-Pleasant-Ext,-Dorset,-VT-05253","56 Pleasant Ext, Dorset, VT 05253","56 Pleasant Ext",NA,"Dorset","VT","05253","Bennington",43.2365,-73.0061,"Single Family",NA,3,2,1152,NA,NA,NA,"Inactive",295000,"2020-11-10T05:48:36.079Z","2022-08-08T16:04:28.630Z",637
"1","100-Benedict-Rd,-Dorset,-VT-05253","100 Benedict Rd, Dorset, VT 05253","100 Benedict Rd",NA,"Dorset","VT","05253","Bennington",43.2241,-73.0121,"Single Family",NA,3,2,1280,NA,NA,NA,"Inactive",169000,"2020-09-15T08:51:00.594Z","2022-08-08T15:32:52.218Z",693
"1","522-Read-Farm-Ln,-Dorset,-VT-05253","522 Read Farm Ln, Dorset, VT 05253","522 Read Farm Ln",NA,"Dorset","VT","05253","Bennington",43.2217,-73.0178,"Single Family",NA,3,2.5,2800,NA,NA,NA,"Inactive",425000,"2020-09-15T09:47:57.161Z","2022-08-07T23:19:37.402Z",692
"1","249-Benedict-Rd,-Dorset,-VT-05253","249 Benedict Rd, Dorset, VT 05253","249 Benedict Rd",NA,"Dorset","VT","05253","Bennington",43.226,-73.013,"Single Family",NA,4,3.5,2000,NA,NA,NA,"Inactive",310000,"2020-09-15T09:47:57.156Z","2022-08-07T22:04:17.926Z",692
"1","386-Benedict-Rd,-Dorset,-VT-05253","386 Benedict Rd, Dorset, VT 05253","386 Benedict Rd",NA,"Dorset","VT","05253","Bennington",43.2281,-73.0117,"Single Family",NA,3,2,2576,NA,NA,NA,"Inactive",155900,"2020-09-15T08:51:00.591Z","2022-08-07T21:24:27.137Z",692
"1","652-Squirrel-Hollow-Rd,-Dorset,-VT-05253","652 Squirrel Hollow Rd, Dorset, VT 05253","652 Squirrel Hollow Rd",NA,"Dorset","VT","05253","Bennington",43.2451,-73.0164,"Single Family",NA,3,2.5,2964,NA,NA,NA,"Inactive",795000,"2020-09-15T11:36:09.189Z","2022-08-07T21:08:20.869Z",692
"1","101-Culver-Ln,-Dorset,-VT-05253","101 Culver Ln, Dorset, VT 05253","101 Culver Ln",NA,"Dorset","VT","05253","Bennington",43.2162,-73.0178,"Single Family",NA,3,1.5,1312,NA,NA,NA,"Inactive",198000,"2020-09-15T08:51:00.594Z","2022-08-07T21:03:02.025Z",692
"1","3622-Dorset-West-Rd,-Dorset,-VT-05251","3622 Dorset West Rd, Dorset, VT 05251","3622 Dorset West Rd",NA,"Dorset","VT","05251","Bennington",43.2592,-73.112,"Single Family","Standard",3,2,2610,287496,1965,NA,"Active",750000,"2024-09-25T00:00:00.000Z","list()",463
"1","2937-Dorset-West-Rd,-Dorset,-VT-05251","2937 Dorset West Rd, Dorset, VT 05251","2937 Dorset West Rd",NA,"Dorset","VT","05251","Bennington",43.2492,-73.1098,"Land","Standard",NA,NA,NA,117612,NA,NA,"Active",399500,"2024-09-11T00:00:00.000Z","list()",477
"1","500-Nims-Rd,-Lot-2,-Dorset,-VT-05251","500 Nims Rd, Lot 2, Dorset, VT 05251","500 Nims Rd","Lot 2","Dorset","VT","05251","Bennington",43.2582,-73.118,"Land","Standard",NA,NA,NA,1680109,NA,NA,"Active",1500000,"2025-06-30T00:00:00.000Z","list()",185
"1","397-Fern-Hl,-Dorset,-VT-05251","397 Fern Hl, Dorset, VT 05251","397 Fern Hl",NA,"Dorset","VT","05251","Bennington",43.2299,-73.1048,"Single Family","Standard",5,1.5,4243,496584,1989,NA,"Active",1600000,"2025-07-02T00:00:00.000Z","list()",183
"1","215-Vt-Rte,-30,-Dorset,-VT-05251","215 Vt Rte, 30, Dorset, VT 05251","215 Vt Rte","30","Dorset","VT","05251","Bennington",43.2149,-73.0692,"Land","Standard",NA,NA,NA,2918520,NA,NA,"Active",2300000,"2025-08-13T00:00:00.000Z","list()",141
"1","2744-Danby-Mountain-Rd,-Dorset,-VT-05251","2744 Danby Mountain Rd, Dorset, VT 05251","2744 Danby Mountain Rd",NA,"Dorset","VT","05251","Bennington",43.3044,-73.0941,"Single Family","Standard",3,1.5,4683,257004,1985,NA,"Active",749000,"2025-08-18T00:00:00.000Z","list()",136
"1","932-Mcnamara-Rd,-Dorset,-VT-05251","932 Mcnamara Rd, Dorset, VT 05251","932 Mcnamara Rd",NA,"Dorset","VT","05251","Bennington",43.2137,-73.0833,"Single Family","Standard",4,3,3931,235224,1988,NA,"Active",1525000,"2025-08-28T00:00:00.000Z","list()",126
"1","2677-Rte-30-Rd,-Dorset,-VT-05251","2677 Rte 30 Rd, Dorset, VT 05251","2677 Rte 30 Rd",NA,"Dorset","VT","05251","Bennington",43.2461,-73.0923,"Single Family","Standard",6,4,5689,77972,1790,NA,"Active",825000,"2025-10-09T00:00:00.000Z","list()",84
"1","215-221-Vt-Rte,-30,-Dorset,-VT-05251","215 221 Vt Rte, 30, Dorset, VT 05251","215 221 Vt Rte","30","Dorset","VT","05251","Bennington",43.2149,-73.0692,"Single Family","Standard",6,1,3340,3015659,1780,NA,"Active",2300000,"2025-10-04T00:00:00.000Z","list()",89
"1","27-Owls-Head-Hill-Ln,-Dorset,-VT-05251","27 Owls Head Hill Ln, Dorset, VT 05251","27 Owls Head Hill Ln",NA,"Dorset","VT","05251","Bennington",43.2288,-73.0668,"Single Family","Standard",3,1,1344,87120,1976,NA,"Active",649000,"2025-09-19T00:00:00.000Z","list()",104
"1","Frost-Pond-Rd,-Lot-A,-Dorset,-VT-05251","Frost Pond Rd, Lot A, Dorset, VT 05251","Frost Pond Rd","Lot A","Dorset","VT","05251","Bennington",43.2237,-73.0844,"Land","Standard",NA,NA,NA,130680,NA,NA,"Active",425000,"2025-10-29T00:00:00.000Z","list()",64
"1","253-Owls-Head-Hill-Ln-S,-Dorset,-VT-05251","253 Owls Head Hill Ln S, Dorset, VT 05251","253 Owls Head Hill Ln S",NA,"Dorset","VT","05251","Bennington",43.2267,-73.0661,"Single Family","Standard",3,2.5,2262,78408,1990,NA,"Active",729000,"2025-11-26T00:00:00.000Z","list()",36
"1","Frost-Pond-Rd,-Lot-B,-Dorset,-VT-05251","Frost Pond Rd, Lot B, Dorset, VT 05251","Frost Pond Rd","Lot B","Dorset","VT","05251","Bennington",43.2237,-73.0838,"Land","Standard",NA,NA,NA,130680,NA,NA,"Active",425000,"2025-10-29T00:00:00.000Z","list()",64
"1","3039-Route,-30,-Dorset,-VT-05251","3039 Route, 30, Dorset, VT 05251","3039 Route","30","Dorset","VT","05251","Bennington",43.2503,-73.0959,"Single Family","Standard",4,3.5,4506,261360,1998,NA,"Inactive",2295000,"2025-10-08T00:00:00.000Z","2025-12-25T00:00:00.000Z",78
"1","318-Spring-Hill-Ln,-Dorset,-VT-05251","318 Spring Hill Ln, Dorset, VT 05251","318 Spring Hill Ln",NA,"Dorset","VT","05251","Bennington",43.2322,-73.0981,"Single Family","Standard",7,10,7422,409464,1941,NA,"Inactive",4500000,"2025-05-21T00:00:00.000Z","2025-12-10T00:00:00.000Z",203
"1","81-Windward-Hl,-Dorset,-VT-05251","81 Windward Hl, Dorset, VT 05251","81 Windward Hl",NA,"Dorset","VT","05251","Bennington",43.2195,-73.0516,"Single Family","Standard",4,2.5,4650,252648,1981,NA,"Inactive",950000,"2025-09-16T00:00:00.000Z","2025-12-08T00:00:00.000Z",83
"1","109-Nichols-Hill-Ln,-Dorset,-VT-05251","109 Nichols Hill Ln, Dorset, VT 05251","109 Nichols Hill Ln",NA,"Dorset","VT","05251","Bennington",43.2313,-73.1064,"Single Family","Standard",3,2.5,1946,130680,1978,NA,"Inactive",895000,"2025-08-27T00:00:00.000Z","2025-12-05T00:00:00.000Z",100
"1","50-Grouse-Ln,-Dorset,-VT-05251","50 Grouse Ln, Dorset, VT 05251","50 Grouse Ln",NA,"Dorset","VT","05251","Bennington",43.282,-73.0425,"Single Family","Standard",4,1.5,5170,435600,1998,NA,"Inactive",1495000,"2025-10-07T00:00:00.000Z","2025-12-02T00:00:00.000Z",56
"1","7-Timberbrook-N,-Dorset,-VT-05251","7 Timberbrook N, Dorset, VT 05251","7 Timberbrook N",NA,"Dorset","VT","05251","Bennington",43.2245,-73.0703,"Single Family","Standard",5,1.5,4686,204732,2013,NA,"Inactive",1275000,"2025-09-05T00:00:00.000Z","2025-11-22T00:00:00.000Z",78
"1","81-Fern-Hl,-Dorset,-VT-05251","81 Fern Hl, Dorset, VT 05251","81 Fern Hl",NA,"Dorset","VT","05251","Bennington",43.2343,-73.1036,"Single Family","Standard",2,1.5,1900,304920,1935,NA,"Inactive",1350000,"2025-08-27T00:00:00.000Z","2025-11-11T00:00:00.000Z",76
"1","Foote-Rd,-Dorset,-VT-05251","Foote Rd, Dorset, VT 05251","Foote Rd",NA,"Dorset","VT","05251","Bennington",43.2517,-73.0866,"Land","Standard",NA,NA,NA,442134,NA,NA,"Inactive",324000,"2025-07-29T00:00:00.000Z","2025-11-04T00:00:00.000Z",98
"1","Forest-Pond-Rd,-Lot-A,-Dorset,-VT-05251","Forest Pond Rd, Lot A, Dorset, VT 05251","Forest Pond Rd","Lot A","Dorset","VT","05251","Bennington",43.2517,-73.0868,"Land","Standard",NA,NA,NA,130680,NA,NA,"Inactive",425000,"2025-10-29T00:00:00.000Z","2025-10-31T00:00:00.000Z",2
"1","376-Windward-Hl,-Dorset,-VT-05251","376 Windward Hl, Dorset, VT 05251","376 Windward Hl",NA,"Dorset","VT","05251","Bennington",43.2219,-73.0497,"Single Family","Standard",4,4.5,5696,551905,1965,NA,"Inactive",1975000,"2025-04-14T00:00:00.000Z","2025-10-16T00:00:00.000Z",185
"1","198-Church-St,-Dorset,-VT-05251","198 Church St, Dorset, VT 05251","198 Church St",NA,"Dorset","VT","05251","Bennington",43.2538,-73.1023,"Single Family","Standard",4,1.5,2338,33106,1870,NA,"Inactive",3600000,"2025-07-08T00:00:00.000Z","2025-10-09T00:00:00.000Z",93
"1","343-Kelleher-Rd,-Dorset,-VT-05251","343 Kelleher Rd, Dorset, VT 05251","343 Kelleher Rd",NA,"Dorset","VT","05251","Bennington",43.2168,-73.0619,"Single Family","Standard",3,1.5,2120,76230,1972,NA,"Inactive",689000,"2025-08-16T00:00:00.000Z","2025-09-30T00:00:00.000Z",45
"1","842-Dorset-West-Rd,-Dorset,-VT-05251","842 Dorset West Rd, Dorset, VT 05251","842 Dorset West Rd",NA,"Dorset","VT","05251","Bennington",43.2289,-73.0816,"Single Family","Standard",4,5,5764,658192,1992,NA,"Inactive",1249000,"2024-07-26T00:00:00.000Z","2025-09-26T00:00:00.000Z",427
"1","Tower-Rd,-Dorset,-VT-05251","Tower Rd, Dorset, VT 05251","Tower Rd",NA,"Dorset","VT","05251","Bennington",43.2803,-73.0451,"Land","Standard",NA,NA,NA,696960,NA,NA,"Inactive",385000,"2025-09-22T00:00:00.000Z","2025-09-24T00:00:00.000Z",2
"1","59-Church-St,-Dorset,-VT-05251","59 Church St, Dorset, VT 05251","59 Church St",NA,"Dorset","VT","05251","Bennington",43.2541,-73.0997,"Single Family","Standard",5,4.5,3436,19602,1850,NA,"Inactive",1595000,"2025-05-01T00:00:00.000Z","2025-09-22T00:00:00.000Z",144
"1","7-Timberbrook-Rd-N,-Dorset,-VT-05251","7 Timberbrook Rd N, Dorset, VT 05251","7 Timberbrook Rd N",NA,"Dorset","VT","05251","Bennington",43.2245,-73.0703,"Single Family","Standard",5,1.5,4686,204732,2013,NA,"Inactive",1475000,"2025-09-05T00:00:00.000Z","2025-09-09T00:00:00.000Z",4
"1","62-Dorset-Village-Ln,-Dorset,-VT-05251","62 Dorset Village Ln, Dorset, VT 05251","62 Dorset Village Ln",NA,"Dorset","VT","05251","Bennington",43.2555,-73.098,"Single Family","Standard",4,2,2139,28314,1910,NA,"Inactive",595000,"2025-07-23T00:00:00.000Z","2025-08-31T00:00:00.000Z",39
"1","393-Red-Tail-Ln,-Dorset,-VT-05251","393 Red Tail Ln, Dorset, VT 05251","393 Red Tail Ln",NA,"Dorset","VT","05251","Bennington",43.2728,-73.0603,"Single Family","Standard",3,4,3967,501811,1987,NA,"Inactive",1375000,"2025-07-08T00:00:00.000Z","2025-08-29T00:00:00.000Z",52
"1","3360-Dorset-Rd-W,-Dorset,-VT-05251","3360 Dorset Rd W, Dorset, VT 05251","3360 Dorset Rd W",NA,"Dorset","VT","05251","Bennington",43.256,-73.1109,"Single Family","Standard",4,4,3610,81022,1960,NA,"Inactive",1275000,"2025-04-21T00:00:00.000Z","2025-08-27T00:00:00.000Z",128
"1","2354-Danby-Mountain-Rd,-Dorset,-VT-05251","2354 Danby Mountain Rd, Dorset, VT 05251","2354 Danby Mountain Rd",NA,"Dorset","VT","05251","Bennington",43.2988,-73.0981,"Single Family","Standard",3,1,2031,304920,1968,NA,"Inactive",555000,"2024-11-01T00:00:00.000Z","2025-08-17T00:00:00.000Z",289
"1","2061-Dorset-West-Rd,-Dorset,-VT-05251","2061 Dorset West Rd, Dorset, VT 05251","2061 Dorset West Rd",NA,"Dorset","VT","05251","Bennington",43.2391,-73.1002,"Single Family","Standard",2,1,1416,52272,1986,NA,"Inactive",595000,"2025-05-29T00:00:00.000Z","2025-08-16T00:00:00.000Z",79
"1","379-Owls-Head-Hill-Ln,-Dorset,-VT-05251","379 Owls Head Hill Ln, Dorset, VT 05251","379 Owls Head Hill Ln",NA,"Dorset","VT","05251","Bennington",43.2293,-73.0704,"Single Family","Standard",3,2,2187,172062,1983,NA,"Inactive",775000,"2025-07-02T00:00:00.000Z","2025-08-14T00:00:00.000Z",43
"1","73-Pine-Rd,-Dorset,-VT-05251","73 Pine Rd, Dorset, VT 05251","73 Pine Rd",NA,"Dorset","VT","05251","Bennington",43.2187,-73.0426,"Single Family","Standard",6,3.5,3250,270508,2023,NA,"Inactive",3275000,"2024-05-07T00:00:00.000Z","2025-08-09T00:00:00.000Z",459
"1","4195-Route,-30,-Dorset,-VT-05251","4195 Route, 30, Dorset, VT 05251","4195 Route","30","Dorset","VT","05251","Bennington",43.2653,-73.1065,"Single Family","Standard",3,1.5,1472,43560,1757,NA,"Inactive",455000,"2025-08-04T00:00:00.000Z","2025-08-08T00:00:00.000Z",4
"1","349-Kent-Hill-Rd,-Dorset,-VT-05251","349 Kent Hill Rd, Dorset, VT 05251","349 Kent Hill Rd",NA,"Dorset","VT","05251","Bennington",43.2573,-73.0944,"Single Family","Standard",7,3.5,6358,174240,1928,NA,"Inactive",2429000,"2025-06-08T00:00:00.000Z","2025-08-06T00:00:00.000Z",59
"1","92-Barrows-Hts,-Dorset,-VT-05251","92 Barrows Hts, Dorset, VT 05251","92 Barrows Hts",NA,"Dorset","VT","05251","Bennington",43.2532,-73.0934,"Single Family","Standard",5,1,3165,169448,1931,NA,"Inactive",1390000,"2025-06-24T00:00:00.000Z","2025-07-28T00:00:00.000Z",34
"1","543-Lower-Hollow-Rd,-Dorset,-VT-05251","543 Lower Hollow Rd, Dorset, VT 05251","543 Lower Hollow Rd",NA,"Dorset","VT","05251","Bennington",43.2594,-73.0724,"Single Family","Standard",5,4.5,4647,200376,2007,NA,"Inactive",2285000,"2025-05-23T00:00:00.000Z","2025-07-16T00:00:00.000Z",54
"1","75-Church-St,-Dorset,-VT-05251","75 Church St, Dorset, VT 05251","75 Church St",NA,"Dorset","VT","05251","Bennington",43.2534,-73.0996,"Single Family","Standard",5,1.5,6165,20038,2004,NA,"Inactive",1790000,"2025-05-15T00:00:00.000Z","2025-06-27T00:00:00.000Z",43
"1","341-Danby-Mountain-Rd,-Dorset,-VT-05251","341 Danby Mountain Rd, Dorset, VT 05251","341 Danby Mountain Rd",NA,"Dorset","VT","05251","Bennington",43.273,-73.113,"Single Family","Standard",4,3.5,4975,1041084,1983,NA,"Inactive",2475000,"2025-05-14T00:00:00.000Z","2025-06-20T00:00:00.000Z",37
"1","Kelleher-Rd,-Dorset,-VT-05251","Kelleher Rd, Dorset, VT 05251","Kelleher Rd",NA,"Dorset","VT","05251","Bennington",43.2153,-73.0628,"Land","Standard",NA,NA,NA,195584,NA,NA,"Inactive",140000,"2025-04-17T00:00:00.000Z","2025-05-31T00:00:00.000Z",44
"1","3149-Morse-Hill-Rd,-Dorset,-VT-05251","3149 Morse Hill Rd, Dorset, VT 05251","3149 Morse Hill Rd",NA,"Dorset","VT","05251","Bennington",43.22,-73.0639,"Single Family","Standard",2,2,3390,156816,2005,NA,"Inactive",850000,"2025-03-13T00:00:00.000Z","2025-05-31T00:00:00.000Z",79
"1","Tower-Rd,-Lot-D5,-Dorset,-VT-05251","Tower Rd, Lot D5, Dorset, VT 05251","Tower Rd","Lot D5","Dorset","VT","05251","Bennington",43.2862,-73.0469,"Land","Standard",NA,NA,NA,522720,NA,NA,"Inactive",575000,"2025-05-09T00:00:00.000Z","2025-05-28T00:00:00.000Z",19
"1","147-Spring-Hill-Ln,-Dorset,-VT-05251","147 Spring Hill Ln, Dorset, VT 05251","147 Spring Hill Ln",NA,"Dorset","VT","05251","Bennington",43.233,-73.0975,"Single Family","Standard",3,1,1716,75359,1972,117,"Inactive",645000,"2025-03-18T00:00:00.000Z","2025-05-10T00:00:00.000Z",53
"1","168-Meadow-Ln,-Dorset,-VT-05251","168 Meadow Ln, Dorset, VT 05251","168 Meadow Ln",NA,"Dorset","VT","05251","Bennington",43.2513,-73.0992,"Single Family","Standard",3,2,1736,47916,1954,NA,"Inactive",949900,"2025-04-11T00:00:00.000Z","2025-04-19T00:00:00.000Z",8
"1","2506-Danby-Mountain-Rd,-Dorset,-VT-05251","2506 Danby Mountain Rd, Dorset, VT 05251","2506 Danby Mountain Rd",NA,"Dorset","VT","05251","Bennington",43.3008,-73.0969,"Land","Standard",NA,NA,NA,226512,NA,NA,"Inactive",239000,"2024-08-05T00:00:00.000Z","2025-04-08T00:00:00.000Z",246
"1","1489-Route,-30,-Dorset,-VT-05251","1489 Route, 30, Dorset, VT 05251","1489 Route","30","Dorset","VT","05251","Bennington",43.2313,-73.0803,"Single Family","Standard",3,3,2924,139392,1981,NA,"Inactive",695000,"2024-08-15T00:00:00.000Z","2025-01-23T00:00:00.000Z",161
"1","983-Vt-Rte,-30,-Dorset,-VT-05251","983 Vt Rte, 30, Dorset, VT 05251","983 Vt Rte","30","Dorset","VT","05251","Bennington",43.2255,-73.0753,"Single Family","Standard",3,2,2712,45302,1986,NA,"Inactive",598000,"2024-09-27T00:00:00.000Z","2025-01-02T00:00:00.000Z",97
"1","77-Dorset-Hollow-Rd,-Dorset,-VT-05251","77 Dorset Hollow Rd, Dorset, VT 05251","77 Dorset Hollow Rd",NA,"Dorset","VT","05251","Bennington",43.2539,-73.0958,"Single Family","Standard",2,1,875,35719,1968,NA,"Inactive",479000,"2024-10-02T00:00:00.000Z","2024-12-29T00:00:00.000Z",88
"1","3131-Dorset-West-Rd,-Dorset,-VT-05251","3131 Dorset West Rd, Dorset, VT 05251","3131 Dorset West Rd",NA,"Dorset","VT","05251","Bennington",43.2511,-73.1148,"Land","Standard",NA,NA,NA,182516,NA,NA,"Inactive",330000,"2024-08-24T00:00:00.000Z","2024-12-10T00:00:00.000Z",108
"1","567-Kirby-Hollow-Rd,-Dorset,-VT-05251","567 Kirby Hollow Rd, Dorset, VT 05251","567 Kirby Hollow Rd",NA,"Dorset","VT","05251","Bennington",43.2671,-73.0898,"Single Family","Standard",4,2,1332,19166,1905,NA,"Inactive",329000,"2024-10-03T00:00:00.000Z","2024-11-23T00:00:00.000Z",51
"1","443-Owls-Head-Hill-Ln,-Dorset,-VT-05251","443 Owls Head Hill Ln, Dorset, VT 05251","443 Owls Head Hill Ln",NA,"Dorset","VT","05251","Bennington",43.2296,-73.0691,"Single Family","Standard",3,2.5,4200,200812,1986,NA,"Inactive",1050000,"2024-09-24T00:00:00.000Z","2024-11-20T00:00:00.000Z",57
"1","170-Owls-Head-Hill-Ln-S,-Dorset,-VT-05251","170 Owls Head Hill Ln S, Dorset, VT 05251","170 Owls Head Hill Ln S",NA,"Dorset","VT","05251","Bennington",43.2258,-73.0686,"Single Family","Standard",4,2.5,4000,187308,2002,NA,"Inactive",1199000,"2024-07-02T00:00:00.000Z","2024-11-16T00:00:00.000Z",137
"1","3478-Route,-30,-Dorset,-VT-05251","3478 Route, 30, Dorset, VT 05251","3478 Route","30","Dorset","VT","05251","Bennington",43.2563,-73.0997,"Single Family","Standard",5,2.5,4452,19602,1786,NA,"Inactive",995000,"2024-08-06T00:00:00.000Z","2024-10-12T00:00:00.000Z",67
"1","364-Barrows-Hts,-Dorset,-VT-05251","364 Barrows Hts, Dorset, VT 05251","364 Barrows Hts",NA,"Dorset","VT","05251","Bennington",43.253,-73.0906,"Single Family","Standard",4,1.5,4228,139392,1980,NA,"Inactive",695000,"2024-06-20T00:00:00.000Z","2024-10-05T00:00:00.000Z",107
"1","184-Dorset-Hollow-Rd,-Dorset,-VT-05251","184 Dorset Hollow Rd, Dorset, VT 05251","184 Dorset Hollow Rd",NA,"Dorset","VT","05251","Bennington",43.255,-73.0944,"Single Family","Standard",1,1,852,12197,1970,NA,"Inactive",349000,"2024-09-23T00:00:00.000Z","2024-10-04T00:00:00.000Z",11
"1","528-And-540-Nichols-Hill-Rd,-Dorset,-VT-05251","528 And 540 Nichols Hill Rd, Dorset, VT 05251","528 And 540 Nichols Hill Rd",NA,"Dorset","VT","05251","Bennington",43.2345,-73.1074,"Single Family","Standard",8,4,5699,8145720,1850,NA,"Inactive",1985000,"2023-08-14T00:00:00.000Z","2024-10-01T00:00:00.000Z",414
"1","3444-Route,-30,-Dorset,-VT-05251","3444 Route, 30, Dorset, VT 05251","3444 Route","30","Dorset","VT","05251","Bennington",43.256,-73.0991,"Single Family","Standard",4,1.5,3082,27007,1865,NA,"Inactive",899000,"2024-07-31T00:00:00.000Z","2024-09-13T00:00:00.000Z",44
"1","191-Maple-Hill-Ln,-Dorset,-VT-05251","191 Maple Hill Ln, Dorset, VT 05251","191 Maple Hill Ln",NA,"Dorset","VT","05251","Bennington",43.251,-73.0903,"Single Family","Standard",3,2.5,2052,121097,1985,NA,"Inactive",725000,"2024-04-02T00:00:00.000Z","2024-09-05T00:00:00.000Z",156
"1","2523-Route,-30,-Dorset,-VT-05251","2523 Route, 30, Dorset, VT 05251","2523 Route","30","Dorset","VT","05251","Bennington",43.2438,-73.0921,"Single Family","Standard",3,2,2690,130680,1968,NA,"Inactive",600000,"2024-06-20T00:00:00.000Z","2024-08-23T00:00:00.000Z",64
"1","738-Dorset-West-Rd,-Dorset,-VT-05251","738 Dorset West Rd, Dorset, VT 05251","738 Dorset West Rd",NA,"Dorset","VT","05251","Bennington",43.2269,-73.0796,"Single Family","Standard",4,5,4479,241322,1994,NA,"Inactive",1595000,"2024-03-13T00:00:00.000Z","2024-08-08T00:00:00.000Z",148
"1","276-Dorset-West-Rd,-Dorset,-VT-05251","276 Dorset West Rd, Dorset, VT 05251","276 Dorset West Rd",NA,"Dorset","VT","05251","Bennington",43.2219,-73.074,"Single Family","Standard",3,1,2300,40946,1964,NA,"Inactive",849000,"2024-05-20T00:00:00.000Z","2024-08-08T00:00:00.000Z",80
"1","293-Mcnamara-Rd,-Dorset,-VT-05251","293 Mcnamara Rd, Dorset, VT 05251","293 Mcnamara Rd",NA,"Dorset","VT","05251","Bennington",43.2201,-73.0759,"Single Family",NA,4,1,2166,9583,1960,NA,"Inactive",675000,"2024-06-02T00:00:00.000Z","2024-07-31T00:00:00.000Z",59
"1","73-Dorset-Orchard-Rd,-Dorset,-VT-05251","73 Dorset Orchard Rd, Dorset, VT 05251","73 Dorset Orchard Rd",NA,"Dorset","VT","05251","Bennington",43.2445,-73.0892,"Single Family",NA,7,4,5120,550163,1965,NA,"Inactive",1795000,"2024-03-14T00:00:00.000Z","2024-07-19T00:00:00.000Z",127
"1","55-Dunn-Ln,-Dorset,-VT-05251","55 Dunn Ln, Dorset, VT 05251","55 Dunn Ln",NA,"Dorset","VT","05251","Bennington",43.2656,-73.0633,"Single Family",NA,3,2,2120,577606,2001,NA,"Inactive",1950000,"2024-05-27T00:00:00.000Z","2024-07-17T00:00:00.000Z",51
"1","3992-Dorset-West-Rd,-Dorset,-VT-05251","3992 Dorset West Rd, Dorset, VT 05251","3992 Dorset West Rd",NA,"Dorset","VT","05251","Bennington",43.2636,-73.1162,"Single Family",NA,3,2,1800,444312,1973,NA,"Inactive",675000,"2024-06-10T00:00:00.000Z","2024-06-28T00:00:00.000Z",18
"1","376-Windward-Hill-Rd,-Dorset,-VT-05251","376 Windward Hill Rd, Dorset, VT 05251","376 Windward Hill Rd",NA,"Dorset","VT","05251","Bennington",43.2219,-73.0497,"Single Family",NA,4,4.5,5696,551905,1965,NA,"Inactive",3275000,"2024-06-20T00:00:00.000Z","2024-06-25T00:00:00.000Z",5
"1","779-Dorset-Orchard-Rd,-Dorset,-VT-05251","779 Dorset Orchard Rd, Dorset, VT 05251","779 Dorset Orchard Rd",NA,"Dorset","VT","05251","Bennington",43.2484,-73.0837,"Single Family",NA,5,2,3860,439956,1990,NA,"Inactive",1200000,"2024-03-05T00:00:00.000Z","2024-06-18T00:00:00.000Z",105
"1","W-Branch-Rd,-Dorset,-VT-05251","W Branch Rd, Dorset, VT 05251","W Branch Rd",NA,"Dorset","VT","05251","Bennington",43.2129,-73.057,"Land",NA,NA,NA,NA,149846,NA,NA,"Inactive",249000,"2023-05-10T00:00:00.000Z","2024-06-01T00:00:00.000Z",388
"1","36B-Marisa-Ln,-Unit-36B,-Dorset,-VT-05251","36B Marisa Ln, Unit 36B, Dorset, VT 05251","36B Marisa Ln","Unit 36B","Dorset","VT","05251","Bennington",43.2286,-73.0772,"Condo",NA,3,2.5,1847,61420,2008,NA,"Inactive",550000,"2024-03-29T00:00:00.000Z","2024-05-20T00:00:00.000Z",52
"1","82-Playhouse-Ln,-Dorset,-VT-05251","82 Playhouse Ln, Dorset, VT 05251","82 Playhouse Ln",NA,"Dorset","VT","05251","Bennington",43.2521,-73.0998,"Single Family",NA,2,2.5,1498,40946,1960,NA,"Inactive",675000,"2023-12-04T00:00:00.000Z","2024-03-23T00:00:00.000Z",110
"1","Frost-Pond-Rd,-Dorset,-VT-05251","Frost Pond Rd, Dorset, VT 05251","Frost Pond Rd",NA,"Dorset","VT","05251","Bennington",43.2238,-73.0851,"Land",NA,NA,NA,NA,557568,NA,NA,"Inactive",340000,"2023-05-19T00:00:00.000Z","2024-03-20T00:00:00.000Z",306
"1","218-Kirby-Hollow-Rd,-Dorset,-VT-05251","218 Kirby Hollow Rd, Dorset, VT 05251","218 Kirby Hollow Rd",NA,"Dorset","VT","05251","Bennington",43.2639,-73.0852,"Single Family",NA,3,2,3066,213444,1977,NA,"Inactive",1100000,"2023-10-13T00:00:00.000Z","2024-03-10T00:00:00.000Z",149
"1","239-Cheney-Rd,-Dorset,-VT-05251","239 Cheney Rd, Dorset, VT 05251","239 Cheney Rd",NA,"Dorset","VT","05251","Bennington",43.2504,-73.1,"Single Family",NA,2,1,1912,17424,1933,NA,"Inactive",650000,"2024-02-29T00:00:00.000Z","2024-03-04T00:00:00.000Z",4
"1","225-Danforth-Dr,-Dorset,-VT-05251","225 Danforth Dr, Dorset, VT 05251","225 Danforth Dr",NA,"Dorset","VT","05251","Bennington",43.2811,-73.1216,"Single Family",NA,2,1.5,1200,1014948,2022,NA,"Inactive",689000,"2023-11-29T00:00:00.000Z","2024-03-01T00:00:00.000Z",93
"1","41-Church-St,-Dorset,-VT-05251","41 Church St, Dorset, VT 05251","41 Church St",NA,"Dorset","VT","05251","Bennington",43.2544,-73.0994,"Single Family",NA,2,2,3400,10019,1830,NA,"Inactive",795000,"2023-06-22T00:00:00.000Z","2024-02-10T00:00:00.000Z",233
"1","22-20-6-12-Dorset-Rd-W,-Dorset,-VT-05251","22-20-6 12 Dorset Rd W, Dorset, VT 05251","22-20-6 12 Dorset Rd W",NA,"Dorset","VT","05251","Bennington",43.2534,-73.1134,"Land",NA,NA,NA,NA,182516,NA,NA,"Inactive",350000,"2023-08-08T00:00:00.000Z","2024-02-09T00:00:00.000Z",185
"1","3284-Route,-30,-Dorset,-VT-05251","3284 Route, 30, Dorset, VT 05251","3284 Route","30","Dorset","VT","05251","Bennington",43.2548,-73.0959,"Single Family",NA,3,1,2533,209088,2012,NA,"Inactive",795000,"2024-01-08T00:00:00.000Z","2024-01-19T00:00:00.000Z",11
"1","3259-Route,-30,-Dorset,-VT-05251","3259 Route, 30, Dorset, VT 05251","3259 Route","30","Dorset","VT","05251","Bennington",43.2534,-73.0979,"Single Family",NA,4,3,2300,13068,1880,NA,"Inactive",710000,"2023-09-18T00:00:00.000Z","2024-01-03T00:00:00.000Z",107
"1","Morse-Hill-Rd,-Lot-2,-Dorset,-VT-05251","Morse Hill Rd, Lot 2, Dorset, VT 05251","Morse Hill Rd","Lot 2","Dorset","VT","05251","Bennington",43.2192,-73.0561,"Land",NA,NA,NA,NA,186872,NA,NA,"Inactive",495000,"2023-09-01T00:00:00.000Z","2023-12-25T00:00:00.000Z",115
"1","53-Dorset-West-Rd,-Unit-4,-Dorset,-VT-05251","53 Dorset West Rd, Unit 4, Dorset, VT 05251","53 Dorset West Rd","Unit 4","Dorset","VT","05251","Bennington",43.2432,-73.0808,"Townhouse",NA,2,1,1300,130680,1992,NA,"Inactive",315000,"2023-09-04T00:00:00.000Z","2023-11-28T00:00:00.000Z",85
"1","2914-Danby-Mountain-Rd,-Dorset,-VT-05251","2914 Danby Mountain Rd, Dorset, VT 05251","2914 Danby Mountain Rd",NA,"Dorset","VT","05251","Bennington",43.3067,-73.0928,"Single Family",NA,3,1,1730,4962791,1980,NA,"Inactive",599000,"2023-09-04T00:00:00.000Z","2023-10-17T00:00:00.000Z",43
"1","5085-Route,-30,-Dorset,-VT-05251","5085 Route, 30, Dorset, VT 05251","5085 Route","30","Dorset","VT","05251","Bennington",43.2706,-73.1206,"Single Family",NA,2,1,890,39204,1960,NA,"Inactive",335000,"2023-07-29T00:00:00.000Z","2023-10-07T00:00:00.000Z",70
"1","Dorset-Rd-W,-Dorset,-VT-05251","Dorset Rd W, Dorset, VT 05251","Dorset Rd W",NA,"Dorset","VT","05251","Bennington",43.2338,-73.0923,"Land",NA,NA,NA,NA,436471,NA,NA,"Inactive",225000,"2023-07-17T00:00:00.000Z","2023-09-29T00:00:00.000Z",74
"1","3341-Vermont-Rte,-30,-Dorset,-VT-05251","3341 Vermont Rte, 30, Dorset, VT 05251","3341 Vermont Rte","30","Dorset","VT","05251","Bennington",43.2544,-73.0986,"Single Family",NA,2,2,1481,10890,1782,NA,"Inactive",435000,"2023-08-12T00:00:00.000Z","2023-09-22T00:00:00.000Z",41
"1","4378-Vt-Rte,-30,-Dorset,-VT-05251","4378 Vt Rte, 30, Dorset, VT 05251","4378 Vt Rte","30","Dorset","VT","05251","Bennington",43.2678,-73.1079,"Single Family",NA,2,1.5,1122,4792,1852,NA,"Inactive",309000,"2023-09-16T00:00:00.000Z","2023-09-18T00:00:00.000Z",2
"1","2533-Route,-30,-Dorset,-VT-05251","2533 Route, 30, Dorset, VT 05251","2533 Route","30","Dorset","VT","05251","Bennington",43.2445,-73.0913,"Single Family",NA,4,2,1708,39204,1940,NA,"Inactive",510000,"2023-06-05T00:00:00.000Z","2023-08-06T00:00:00.000Z",62
"1","490-Lower-Hollow-Rd,-Unit-5,-Dorset,-VT-05251","490 Lower Hollow Rd, Unit 5, Dorset, VT 05251","490 Lower Hollow Rd","Unit 5","Dorset","VT","05251","Bennington",43.2585,-73.0736,"Townhouse",NA,3,2,2135,68825,1985,NA,"Inactive",695000,"2023-07-06T00:00:00.000Z","2023-08-03T00:00:00.000Z",28
"1","282-Peace-St,-Dorset,-VT-05251","282 Peace St, Dorset, VT 05251","282 Peace St",NA,"Dorset","VT","05251","Bennington",43.2629,-73.0946,"Single Family",NA,5,2,6956,887317,2002,NA,"Inactive",2350000,"2023-07-03T00:00:00.000Z","2023-08-01T00:00:00.000Z",29
"1","580-Dorset-Hollow-Rd,-Dorset,-VT-05251","580 Dorset Hollow Rd, Dorset, VT 05251","580 Dorset Hollow Rd",NA,"Dorset","VT","05251","Bennington",43.2566,-73.0877,"Single Family",NA,3,2.5,4792,1393920,2001,NA,"Inactive",1600000,"2023-04-15T00:00:00.000Z","2023-07-28T00:00:00.000Z",104
"1","159-Danby-Mountain-Rd,-Dorset,-VT-05251","159 Danby Mountain Rd, Dorset, VT 05251","159 Danby Mountain Rd",NA,"Dorset","VT","05251","Bennington",43.2701,-73.1117,"Single Family",NA,3,2,3550,148975,1987,NA,"Inactive",725000,"2023-06-15T00:00:00.000Z","2023-07-28T00:00:00.000Z",43
"1","3228-Route,-30,-Dorset,-VT-05251","3228 Route, 30, Dorset, VT 05251","3228 Route","30","Dorset","VT","05251","Bennington",43.2537,-73.0967,"Single Family",NA,5,4.5,4764,23958,1920,NA,"Inactive",1395000,"2023-03-17T00:00:00.000Z","2023-07-27T00:00:00.000Z",132
"1","56-Timberbrook,-Dorset,-VT-05251","56 Timberbrook, Dorset, VT 05251","56 Timberbrook",NA,"Dorset","VT","05251","Bennington",43.2228,-73.0671,"Single Family",NA,3,2,2800,143748,1983,NA,"Inactive",339000,"2023-06-09T00:00:00.000Z","2023-07-23T00:00:00.000Z",44
"1","18-Lane-Rd,-Dorset,-VT-05251","18 Lane Rd, Dorset, VT 05251","18 Lane Rd",NA,"Dorset","VT","05251","Bennington",43.2428,-73.0904,"Single Family",NA,3,1.5,2703,113256,1890,NA,"Inactive",575000,"2023-04-24T00:00:00.000Z","2023-07-14T00:00:00.000Z",81
"1","Sugar-House-Ln,-Dorset,-VT-05251","Sugar House Ln, Dorset, VT 05251","Sugar House Ln",NA,"Dorset","VT","05251","Bennington",43.2614,-73.0711,"Land",NA,NA,NA,NA,130680,NA,NA,"Inactive",425000,"2021-04-07T00:00:00.000Z","2023-07-13T00:00:00.000Z",827
"1","21-Peace-St,-Dorset,-VT-05251","21 Peace St, Dorset, VT 05251","21 Peace St",NA,"Dorset","VT","05251","Bennington",43.2612,-73.1039,"Single Family",NA,3,2,1512,24394,1800,NA,"Inactive",525000,"2023-05-09T00:00:00.000Z","2023-07-12T00:00:00.000Z",64
"1","3155-Vt-Rte,-30,-Dorset,-VT-05251","3155 Vt Rte, 30, Dorset, VT 05251","3155 Vt Rte","30","Dorset","VT","05251","Bennington",43.2522,-73.0965,"Single Family",NA,5,1.5,1920,47480,1940,NA,"Inactive",565000,"2023-03-20T00:00:00.000Z","2023-07-05T00:00:00.000Z",107
"1","217-Dorset-West-Rd,-Dorset,-VT-05251","217 Dorset West Rd, Dorset, VT 05251","217 Dorset West Rd",NA,"Dorset","VT","05251","Bennington",43.2209,-73.0751,"Single Family",NA,3,2.5,3647,178596,1997,NA,"Inactive",1995000,"2023-05-03T00:00:00.000Z","2023-07-05T00:00:00.000Z",63
"1","5145-Vt-Rte,-30,-Dorset,-VT-05251","5145 Vt Rte, 30, Dorset, VT 05251","5145 Vt Rte","30","Dorset","VT","05251","Bennington",43.271,-73.1216,"Single Family",NA,3,1.5,3600,30492,1795,NA,"Inactive",745000,"2023-05-10T00:00:00.000Z","2023-06-29T00:00:00.000Z",50
"1","528-540-Nichols-Hill-Rd,-Dorset,-VT-05251","528/540 Nichols Hill Rd, Dorset, VT 05251","528/540 Nichols Hill Rd",NA,"Dorset","VT","05251","Bennington",43.2347,-73.1078,"Single Family",NA,8,4,4186,8145720,1981,NA,"Inactive",2500000,"2022-06-22T00:00:00.000Z","2023-06-23T00:00:00.000Z",366
"1","40-Nims-Rd,-Dorset,-VT-05251","40 Nims Rd, Dorset, VT 05251","40 Nims Rd",NA,"Dorset","VT","05251","Bennington",43.2545,-73.1123,"Single Family",NA,3,1.5,3507,55757,2006,NA,"Inactive",1525000,"2023-05-29T00:00:00.000Z","2023-06-07T00:00:00.000Z",9
"1","45-Dorset-West-Rd,-Unit-2,-Dorset,-VT-05251","45 Dorset West Rd, Unit 2, Dorset, VT 05251","45 Dorset West Rd","Unit 2","Dorset","VT","05251","Bennington",43.2186,-73.0731,"Townhouse",NA,3,1.5,1650,130680,1987,NA,"Inactive",389000,"2023-03-25T00:00:00.000Z","2023-06-02T00:00:00.000Z",69
"1","190-Turkey-Run-Ln,-Dorset,-VT-05251","190 Turkey Run Ln, Dorset, VT 05251","190 Turkey Run Ln",NA,"Dorset","VT","05251","Bennington",43.2744,-73.0447,"Single Family",NA,5,6,5033,587624,2001,NA,"Inactive",3000000,"2023-01-21T00:00:00.000Z","2023-06-01T00:00:00.000Z",131
"1","Owls-Head-Ln-S,-Dorset,-VT-05251","Owls Head Ln S, Dorset, VT 05251","Owls Head Ln S",NA,"Dorset","VT","05251","Bennington",43.2457,-73.0775,"Land",NA,NA,NA,NA,540144,NA,NA,"Inactive",350000,"2023-03-23T00:00:00.000Z","2023-05-27T00:00:00.000Z",65
"1","Forest-Pond-Rd,-Dorset,-VT-05251","Forest Pond Rd, Dorset, VT 05251","Forest Pond Rd",NA,"Dorset","VT","05251","Bennington",43.2517,-73.087,"Land",NA,NA,NA,NA,557568,NA,NA,"Inactive",365000,"2023-05-19T00:00:00.000Z","2023-05-21T00:00:00.000Z",2
"1","73-Dorset-West-Rd,-Dorset,-VT-05251","73 Dorset West Rd, Dorset, VT 05251","73 Dorset West Rd",NA,"Dorset","VT","05251","Bennington",43.2451,-73.0887,"Single Family",NA,3,3,3688,550163,1965,NA,"Inactive",1750000,"2023-05-15T00:00:00.000Z","2023-05-17T00:00:00.000Z",2
"1","5145-Vt-Route-30-Rte,-Dorset,-VT-05251","5145 Vt Route 30 Rte, Dorset, VT 05251","5145 Vt Route 30 Rte",NA,"Dorset","VT","05251","Bennington",43.271,-73.1216,"Single Family",NA,4,1.5,4202,30492,1795,NA,"Inactive",745000,"2023-05-10T00:00:00.000Z","2023-05-12T00:00:00.000Z",2
"1","440-Marcia-Ln,-Dorset,-VT-05251","440 Marcia Ln, Dorset, VT 05251","440 Marcia Ln",NA,"Dorset","VT","05251","Bennington",43.2712,-73.0725,"Single Family",NA,5,7.5,8700,751410,2004,NA,"Inactive",3000000,"2022-06-13T00:00:00.000Z","2023-05-01T00:00:00.000Z",322
"1","202-Uphill-Ln,-Dorset,-VT-05251","202 Uphill Ln, Dorset, VT 05251","202 Uphill Ln",NA,"Dorset","VT","05251","Bennington",43.2295,-73.0276,"Single Family",NA,4,3.5,5236,139392,1982,NA,"Inactive",1450000,"2022-08-22T00:00:00.000Z","2023-04-15T00:00:00.000Z",236
"1","167-Green-Peak-Orchard-Rd-N,-Dorset,-VT-05251","167 Green Peak Orchard Rd N, Dorset, VT 05251","167 Green Peak Orchard Rd N",NA,"Dorset","VT","05251","Bennington",43.2185,-73.0222,"Single Family",NA,5,2.5,4480,557568,1987,NA,"Inactive",1995000,"2023-01-11T00:00:00.000Z","2023-04-13T00:00:00.000Z",92
"1","38-Danby-Mountain-Rd,-Dorset,-VT-05251","38 Danby Mountain Rd, Dorset, VT 05251","38 Danby Mountain Rd",NA,"Dorset","VT","05251","Bennington",43.2701,-73.1073,"Single Family",NA,5,4.5,4554,548856,1789,NA,"Inactive",1375000,"2022-08-03T00:00:00.000Z","2023-04-11T00:00:00.000Z",251
"1","216-Village-St,-Dorset,-VT-05251","216 Village St, Dorset, VT 05251","216 Village St",NA,"Dorset","VT","05251","Bennington",43.2371,-73.0094,"Single Family",NA,5,3,2604,21780,1920,NA,"Inactive",314000,"2022-08-23T00:00:00.000Z","2023-03-31T00:00:00.000Z",220
"1","3291-Vt-Rte,-30,-Dorset,-VT-05251","3291 Vt Rte, 30, Dorset, VT 05251","3291 Vt Rte","30","Dorset","VT","05251","Bennington",43.2537,-73.0983,"Single Family",NA,3,1,1656,9148,1941,NA,"Inactive",530000,"2022-08-25T00:00:00.000Z","2023-03-11T00:00:00.000Z",198
"1","39-Dorset-West-Rd,-Unit-1,-Dorset,-VT-05251","39 Dorset West Rd, Unit 1, Dorset, VT 05251","39 Dorset West Rd","Unit 1","Dorset","VT","05251","Bennington",43.2432,-73.0806,"Townhouse",NA,2,1,1300,130680,1987,NA,"Inactive",350000,"2023-01-14T00:00:00.000Z","2023-03-02T00:00:00.000Z",47
"1","2747-Morse-Hill-Rd,-Lot-2,-Dorset,-VT-05251","2747 Morse Hill Rd, Lot 2, Dorset, VT 05251","2747 Morse Hill Rd","Lot 2","Dorset","VT","05251","Bennington",43.2183,-73.0574,"Land",NA,NA,NA,NA,186872,NA,NA,"Inactive",395000,"2022-12-12T00:00:00.000Z","2023-02-18T00:00:00.000Z",68
"1","456-Lower-Hollow-Rd,-Dorset,-VT-05251","456 Lower Hollow Rd, Dorset, VT 05251","456 Lower Hollow Rd",NA,"Dorset","VT","05251","Bennington",43.2577,-73.0749,"Townhouse",NA,3,2,2172,66647,1984,NA,"Inactive",550000,"2022-10-25T19:50:29.000Z","2023-02-02T00:00:00.000Z",100
"1","Dorset-West-Rd-At-End-Church-St,-Lot-A,-Dorset,-VT-05251","Dorset West Rd At End Church St, Lot A, Dorset, VT 05251","Dorset West Rd At End Church St","Lot A","Dorset","VT","05251","Bennington",43.2525,-73.1131,"Land",NA,NA,NA,NA,182516,NA,NA,"Inactive",350000,"2022-06-24T13:08:02.000Z","2023-01-27T00:00:00.000Z",217
"1","418-Lane-Rd,-Dorset,-VT-05251","418 Lane Rd, Dorset, VT 05251","418 Lane Rd",NA,"Dorset","VT","05251","Bennington",43.2402,-73.0961,"Single Family",NA,3,2,1458,65340,2011,NA,"Inactive",585000,"2022-10-26T17:55:39.000Z","2023-01-13T14:12:15.257Z",79
"1","224-Foote-Rd,-Dorset,-VT-05251","224 Foote Rd, Dorset, VT 05251","224 Foote Rd",NA,"Dorset","VT","05251","Bennington",43.2638,-73.1186,"Single Family",NA,4,1,3000,583704,2017,NA,"Inactive",1995000,"2022-05-25T17:39:44.000Z","2023-01-12T14:07:19.170Z",232
"1","601-Peace-St,-Dorset,-VT-05251","601 Peace St, Dorset, VT 05251","601 Peace St",NA,"Dorset","VT","05251","Bennington",43.267,-73.0961,"Single Family",NA,3,1.5,2128,141570,2005,NA,"Inactive",279000,"2022-10-21T17:55:51.000Z","2023-01-11T14:11:33.697Z",82
"1","56-Peckham-Ln,-Dorset,-VT-05251","56 Peckham Ln, Dorset, VT 05251","56 Peckham Ln",NA,"Dorset","VT","05251","Bennington",43.292,-73.107,"Land",NA,NA,NA,NA,676487,NA,NA,"Inactive",450000,"2022-11-01T13:09:53.000Z","2023-01-04T14:07:51.232Z",65
"1","4241-Vt-Rte,-30,-Dorset,-VT-05251","4241 Vt Rte, 30, Dorset, VT 05251","4241 Vt Rte","30","Dorset","VT","05251","Bennington",43.2658,-73.107,"Single Family",NA,3,1,720,91476,1940,NA,"Inactive",215000,"2022-09-09T13:33:05.000Z","2022-12-23T14:27:30.785Z",106
"1","242-Kent-Hill-Rd,-Dorset,-VT-05251","242 Kent Hill Rd, Dorset, VT 05251","242 Kent Hill Rd",NA,"Dorset","VT","05251","Bennington",43.2565,-73.0941,"Single Family",NA,3,3,3500,164657,2022,NA,"Inactive",1150000,"2022-06-30T14:03:01.000Z","2022-12-20T14:32:07.642Z",174
"1","150-Moose-Xing,-Dorset,-VT-05251","150 Moose Xing, Dorset, VT 05251","150 Moose Xing",NA,"Dorset","VT","05251","Bennington",43.2165,-73.0509,"Single Family",NA,4,4,5493,145490,2012,NA,"Inactive",1600000,"2022-07-17T22:46:36.000Z","2022-12-15T14:47:28.469Z",151
"1","93-Peace-St,-Dorset,-VT-05251","93 Peace St, Dorset, VT 05251","93 Peace St",NA,"Dorset","VT","05251","Bennington",43.262,-73.103,"Single Family",NA,4,1.5,3021,56628,1988,NA,"Inactive",775000,"2022-10-20T22:13:38.000Z","2022-12-14T14:34:53.985Z",55
"1","30-Owls-Head-Hill-Ln,-Dorset,-VT-05251","30 Owls Head Hill Ln, Dorset, VT 05251","30 Owls Head Hill Ln",NA,"Dorset","VT","05251","Bennington",43.2259,-73.074,"Single Family",NA,3,2,1722,39640,1968,NA,"Inactive",385000,"2022-09-22T03:55:37.000Z","2022-12-13T14:37:00.919Z",83
"1","Beech-Ridge-Rd,-Dorset,-VT-05251","Beech Ridge Rd, Dorset, VT 05251","Beech Ridge Rd",NA,"Dorset","VT","05251","Bennington",43.2155,-72.9981,"Land",NA,NA,NA,NA,415562,NA,NA,"Inactive",24000,"2022-10-06T14:33:12.000Z","2022-12-09T15:50:56.094Z",65
"1","14B-Marisa-Ln,-Unit-B,-Dorset,-VT-05251","14B Marisa Ln, Unit B, Dorset, VT 05251","14B Marisa Ln","Unit B","Dorset","VT","05251","Bennington",43.229,-73.0771,"Condo",NA,3,1.5,1849,54450,2009,NA,"Inactive",525000,"2022-07-18T21:19:50.000Z","2022-12-08T15:38:12.146Z",143
"1","135-Paddock-Farm-Ln,-Dorset,-VT-05251","135 Paddock Farm Ln, Dorset, VT 05251","135 Paddock Farm Ln",NA,"Dorset","VT","05251","Bennington",43.2633,-73.0591,"Single Family",NA,6,9,12126,814572,2005,NA,"Inactive",4850000,"2021-07-23T21:01:29.000Z","2022-11-30T14:45:42.482Z",495
"1","Dorset-Rd-W,-Lot-3,-Dorset,-VT-05251","Dorset Rd W, Lot 3, Dorset, VT 05251","Dorset Rd W","Lot 3","Dorset","VT","05251","Bennington",43.2253,-73.0868,"Land",NA,NA,NA,NA,651658,NA,NA,"Inactive",325000,"2021-06-02T19:39:03.000Z","2022-11-29T14:46:35.526Z",545
"1","2999-Dorset-West-Rd,-Dorset,-VT-05251","2999 Dorset West Rd, Dorset, VT 05251","2999 Dorset West Rd",NA,"Dorset","VT","05251","Bennington",43.2514,-73.1083,"Single Family",NA,3,1,1310,207781,1970,NA,"Inactive",550000,"2022-10-07T21:43:42.000Z","2022-11-29T14:46:35.526Z",53
"1","3500-Vt-Rte,-30,-Dorset,-VT-05251","3500 Vt Rte, 30, Dorset, VT 05251","3500 Vt Rte","30","Dorset","VT","05251","Bennington",43.2566,-73.0999,"Single Family",NA,3,2.5,2566,21780,1910,NA,"Inactive",725000,"2022-08-03T11:25:33.000Z","2022-11-07T14:53:19.069Z",97
"1","717-Danby-Mountain-Rd,-Dorset,-VT-05251","717 Danby Mountain Rd, Dorset, VT 05251","717 Danby Mountain Rd",NA,"Dorset","VT","05251","Bennington",43.2793,-73.1138,"Single Family",NA,3,2,2686,217800,1995,NA,"Inactive",575000,"2022-08-24T19:22:35.000Z","2022-11-07T14:53:19.069Z",75
"1","4241-Route,-30,-Dorset,-VT-05251","4241 Route, 30, Dorset, VT 05251","4241 Route","30","Dorset","VT","05251","Bennington",43.2658,-73.107,"Land",NA,NA,NA,NA,91476,NA,NA,"Inactive",215000,"2022-09-09T17:07:54.000Z","2022-11-01T14:52:37.389Z",53
"1","241-Dorset-Hollow-Rd,-Dorset,-VT-05251","241 Dorset Hollow Rd, Dorset, VT 05251","241 Dorset Hollow Rd",NA,"Dorset","VT","05251","Bennington",43.256,-73.094,"Single Family",NA,4,1.5,2161,12197,1900,NA,"Inactive",540000,"2022-07-17T12:43:38.000Z","2022-10-20T14:56:06.220Z",96
"1","402-Danby-Mountain-Rd,-Dorset,-VT-05251","402 Danby Mountain Rd, Dorset, VT 05251","402 Danby Mountain Rd",NA,"Dorset","VT","05251","Bennington",43.2748,-73.1111,"Single Family",NA,3,2,3429,185130,1967,NA,"Inactive",750000,"2022-08-10T13:55:40.000Z","2022-10-20T14:56:06.220Z",72
"1","705-Route,-30,-Dorset,-VT-05251","705 Route, 30, Dorset, VT 05251","705 Route","30","Dorset","VT","05251","Bennington",43.2219,-73.0732,"Single Family",NA,2,1.5,1316,68389,1920,NA,"Inactive",319000,"2022-05-19T14:44:06.000Z","2022-10-13T14:55:53.682Z",148
"1","951-Nichols-Hill-Rd,-Dorset,-VT-05251","951 Nichols Hill Rd, Dorset, VT 05251","951 Nichols Hill Rd",NA,"Dorset","VT","05251","Bennington",43.2292,-73.1123,"Single Family",NA,4,2.5,3611,121968,1965,NA,"Inactive",1125000,"2022-08-30T03:23:14.000Z","2022-10-10T14:52:35.800Z",42
"1","35-Cheney-Rd,-Dorset,-VT-05251","35 Cheney Rd, Dorset, VT 05251","35 Cheney Rd",NA,"Dorset","VT","05251","Bennington",43.253,-73.1021,"Single Family",NA,2,1,3110,26136,1909,NA,"Inactive",1295000,"2022-09-20T01:19:39.000Z","2022-10-07T14:54:03.077Z",18
"1","442-Dorset-Hollow-Rd,-Dorset,-VT-05251","442 Dorset Hollow Rd, Dorset, VT 05251","442 Dorset Hollow Rd",NA,"Dorset","VT","05251","Bennington",43.2573,-73.0903,"Single Family",NA,4,3,2417,86249,1880,NA,"Inactive",975000,"2022-07-28T20:32:53.000Z","2022-10-06T14:52:11.235Z",70
"1","89-Windward-S,-Dorset,-VT-05251","89 Windward S, Dorset, VT 05251","89 Windward S",NA,"Dorset","VT","05251","Bennington",43.2178,-73.0534,"Single Family",NA,3,2.5,4090,130680,1987,NA,"Inactive",1249000,"2022-06-26T12:16:46.000Z","2022-09-26T14:55:09.162Z",93
"1","2747-Morse-Hill-Rd,-Unit-10-88,-Dorset,-VT-05251","2747 Morse Hill Rd, Unit 10-88, Dorset, VT 05251","2747 Morse Hill Rd","Unit 10-88","Dorset","VT","05251","Bennington",43.2183,-73.0574,"Single Family",NA,4,1,3432,199069,1980,NA,"Inactive",865000,"2022-08-12T20:43:58.000Z","2022-09-26T14:55:09.162Z",45
"1","319-Tower-Rd,-Dorset,-VT-05251","319 Tower Rd, Dorset, VT 05251","319 Tower Rd",NA,"Dorset","VT","05251","Bennington",43.2799,-73.0474,"Single Family",NA,4,3.5,6096,126324,2002,NA,"Inactive",1995000,"2022-07-01T01:43:47.000Z","2022-09-16T14:54:12.095Z",78
"1","540-Nichols-Hill-Rd,-Dorset,-VT-05251","540 Nichols Hill Rd, Dorset, VT 05251","540 Nichols Hill Rd",NA,"Dorset","VT","05251","Bennington",43.2364,-73.1138,"Single Family",NA,4,2,4186,8145720,1981,NA,"Inactive",2500000,"2022-06-22T22:04:38.000Z","2022-08-16T14:51:14.279Z",55
"1","674-Dorset-Hollow-Rd,-Dorset,-VT-05251","674 Dorset Hollow Rd, Dorset, VT 05251","674 Dorset Hollow Rd",NA,"Dorset","VT","05251","Bennington",43.2577,-73.0844,"Single Family",NA,4,2.5,4711,1883099,1941,NA,"Inactive",2995000,"2022-07-18T15:52:33.000Z","2022-08-16T14:51:14.279Z",29
"1","3228-Vt-Rte,-30,-Dorset,-VT-05251","3228 Vt Rte, 30, Dorset, VT 05251","3228 Vt Rte","30","Dorset","VT","05251","Bennington",43.2537,-73.0967,"Single Family",NA,6,6.5,4354,NA,NA,NA,"Inactive",1295000,"2021-08-12T14:56:53.225Z","2022-08-12T17:42:51.736Z",366
"1","25-Nichols-Hill-Ln,-Dorset,-VT-05251","25 Nichols Hill Ln, Dorset, VT 05251","25 Nichols Hill Ln",NA,"Dorset","VT","05251","Bennington",43.2327,-73.1079,"Single Family",NA,3,3,2720,NA,NA,NA,"Inactive",1125000,"2022-06-03T07:17:15.405Z","2022-08-12T17:42:51.736Z",71
"1","1092-Nichols-Hill-Rd,-Dorset,-VT-05251","1092 Nichols Hill Rd, Dorset, VT 05251","1092 Nichols Hill Rd",NA,"Dorset","VT","05251","Bennington",43.2319,-73.1128,"Single Family",NA,4,3,3555,NA,NA,NA,"Inactive",1750000,"2022-07-26T08:32:28.498Z","2022-08-12T17:42:51.736Z",18
"1","3589-Morse-Hill-Rd,-Dorset,-VT-05251","3589 Morse Hill Rd, Dorset, VT 05251","3589 Morse Hill Rd",NA,"Dorset","VT","05251","Bennington",43.2224,-73.0723,"Single Family",NA,2,1,1171,NA,NA,NA,"Inactive",285000,"2022-06-10T09:32:06.262Z","2022-08-12T17:40:24.242Z",64
"1","164-Dorset-Hollow-Rd,-Dorset,-VT-05251","164 Dorset Hollow Rd, Dorset, VT 05251","164 Dorset Hollow Rd",NA,"Dorset","VT","05251","Bennington",43.2547,-73.0944,"Single Family",NA,4,2,1897,NA,NA,NA,"Inactive",369000,"2022-05-20T07:15:20.846Z","2022-08-12T17:40:24.242Z",85
"1","185-Spruce-Ln,-Dorset,-VT-05251","185 Spruce Ln, Dorset, VT 05251","185 Spruce Ln",NA,"Dorset","VT","05251","Bennington",43.2149,-73.0851,"Single Family",NA,4,3.5,4442,NA,NA,NA,"Inactive",900000,"2020-09-15T20:08:31.021Z","2022-08-12T16:03:32.664Z",696
"1","Red-Tail-Ln,-Dorset,-VT-05251","Red Tail Ln, Dorset, VT 05251","Red Tail Ln",NA,"Dorset","VT","05251","Bennington",43.2512,-73.0874,"Land",NA,NA,NA,NA,NA,NA,NA,"Inactive",299000,"2022-02-24T08:20:01.560Z","2022-08-12T16:03:32.664Z",170
"1","Spruce-Lot-14-4-30-Ln,-Lot-4,-Dorset,-VT-05251","Spruce Lot 14-4 30 Ln, Lot 4, Dorset, VT 05251","Spruce Lot 14-4 30 Ln","Lot 4","Dorset","VT","05251","Bennington",43.2129,-73.0673,"Land",NA,NA,NA,NA,NA,NA,NA,"Inactive",239000,"2021-08-12T11:04:12.391Z","2022-08-12T16:03:32.664Z",366
"1","4976-Route,-30,-Dorset,-VT-05251","4976 Route, 30, Dorset, VT 05251","4976 Route","30","Dorset","VT","05251","Bennington",43.2702,-73.1181,"Single Family",NA,3,2,1398,NA,NA,NA,"Inactive",280000,"2022-05-27T07:22:25.788Z","2022-08-12T15:27:04.862Z",78
"1","1489-Route-30-Rd,-Dorset,-VT-05251","1489 Route 30 Rd, Dorset, VT 05251","1489 Route 30 Rd",NA,"Dorset","VT","05251","Bennington",43.2314,-73.0803,"Single Family",NA,3,4,2924,NA,NA,NA,"Inactive",499000,"2022-05-12T06:57:35.409Z","2022-08-10T16:40:00.954Z",91
"1","39-Eagle-Rdg,-Dorset,-VT-05251","39 Eagle Rdg, Dorset, VT 05251","39 Eagle Rdg",NA,"Dorset","VT","05251","Bennington",43.2167,-73.0462,"Single Family",NA,5,4.5,4278,NA,NA,NA,"Inactive",1400000,"2021-01-15T10:49:33.392Z","2022-08-10T16:01:34.918Z",573
"1","3486-Dorset-Hill-Rd,-Dorset,-VT-05251","3486 Dorset Hill Rd, Dorset, VT 05251","3486 Dorset Hill Rd",NA,"Dorset","VT","05251","Bennington",43.269,-73.0153,NA,NA,2,1.5,980,NA,NA,NA,"Inactive",215000,"2022-02-26T06:43:42.374Z","2022-08-10T15:54:21.356Z",166
"1","177-Danby-Mountain-Rd,-Dorset,-VT-05251","177 Danby Mountain Rd, Dorset, VT 05251","177 Danby Mountain Rd",NA,"Dorset","VT","05251","Bennington",43.2717,-73.1116,"Single Family",NA,3,2,1964,NA,NA,NA,"Inactive",600000,"2022-02-22T08:06:45.354Z","2022-08-10T15:18:29.406Z",170
"1","779-Wind-Hill-Rd,-Dorset,-VT-05251","779 Wind Hill Rd, Dorset, VT 05251","779 Wind Hill Rd",NA,"Dorset","VT","05251","Bennington",43.2135,-73.0412,"Single Family",NA,3,3.5,5081,NA,NA,NA,"Inactive",3375000,"2021-05-12T11:01:17.237Z","2022-08-09T20:59:33.678Z",455
"1","1347-Morse-Hill-Rd,-Dorset,-VT-05251","1347 Morse Hill Rd, Dorset, VT 05251","1347 Morse Hill Rd",NA,"Dorset","VT","05251","Bennington",43.2183,-73.032,"Land",NA,NA,NA,NA,NA,NA,NA,"Inactive",175000,"2021-01-15T08:34:30.424Z","2022-08-09T20:26:09.706Z",572
"1","157-Hidden-Hollow-Ln,-Dorset,-VT-05251","157 Hidden Hollow Ln, Dorset, VT 05251","157 Hidden Hollow Ln",NA,"Dorset","VT","05251","Bennington",43.26,-73.0914,"Single Family",NA,2,2,1864,NA,NA,NA,"Inactive",575000,"2022-01-28T08:16:17.375Z","2022-08-09T19:55:54.577Z",194
"1","313-Mcnamara-Rd,-Dorset,-VT-05251","313 Mcnamara Rd, Dorset, VT 05251","313 Mcnamara Rd",NA,"Dorset","VT","05251","Bennington",43.2199,-73.0754,"Single Family",NA,3,2,2391,NA,NA,NA,"Inactive",525000,"2021-11-24T10:30:53.905Z","2022-08-09T19:45:41.278Z",259
"1","580-Tower-Rd,-Dorset,-VT-05251","580 Tower Rd, Dorset, VT 05251","580 Tower Rd",NA,"Dorset","VT","05251","Bennington",43.2848,-73.046,"Single Family",NA,3,2,1884,NA,NA,NA,"Inactive",595000,"2021-05-12T11:01:13.087Z","2022-08-09T19:39:51.569Z",455
"1","2463-Route,-30,-Dorset,-VT-05251","2463 Route, 30, Dorset, VT 05251","2463 Route","30","Dorset","VT","05251","Bennington",43.2433,-73.0912,"Single Family",NA,3,1.5,1400,NA,NA,NA,"Inactive",395000,"2021-08-19T07:45:45.270Z","2022-08-09T19:21:51.674Z",356
"1","842-Lower-Hollow-Rd,-Dorset,-VT-05251","842 Lower Hollow Rd, Dorset, VT 05251","842 Lower Hollow Rd",NA,"Dorset","VT","05251","Bennington",43.258,-73.0663,"Single Family",NA,3,2,2430,NA,NA,NA,"Inactive",525000,"2021-05-12T11:01:13.092Z","2022-08-09T18:40:22.920Z",455
"1","212-Kelleher-Rd,-Dorset,-VT-05251","212 Kelleher Rd, Dorset, VT 05251","212 Kelleher Rd",NA,"Dorset","VT","05251","Bennington",43.2183,-73.0644,"Single Family",NA,3,2,1104,NA,NA,NA,"Inactive",495000,"2021-10-29T09:07:07.366Z","2022-08-09T18:37:30.602Z",285
"1","2248-Morse-Hill-Rd,-Dorset,-VT-05251","2248 Morse Hill Rd, Dorset, VT 05251","2248 Morse Hill Rd",NA,"Dorset","VT","05251","Bennington",43.2199,-73.0467,"Single Family",NA,7,4.5,4138,NA,NA,NA,"Inactive",725000,"2021-05-30T07:25:48.160Z","2022-08-09T18:23:13.030Z",437
"1","75-Cheney-Rd,-Dorset,-VT-05251","75 Cheney Rd, Dorset, VT 05251","75 Cheney Rd",NA,"Dorset","VT","05251","Bennington",43.2529,-73.1007,"Single Family",NA,2,2,900,NA,NA,NA,"Inactive",375000,"2021-11-11T06:44:34.934Z","2022-08-09T18:06:46.337Z",272
"1","284-Dorset-Hollow-Rd,-Dorset,-VT-05251","284 Dorset Hollow Rd, Dorset, VT 05251","284 Dorset Hollow Rd",NA,"Dorset","VT","05251","Bennington",43.256,-73.0933,"Single Family",NA,3,2,1528,NA,NA,NA,"Inactive",547000,"2021-12-04T08:29:51.977Z","2022-08-09T17:57:28.413Z",249
"1","414-416-Dorset-Hollow-Rd,-Dorset,-VT-05251","414 416 Dorset Hollow Rd, Dorset, VT 05251","414 416 Dorset Hollow Rd",NA,"Dorset","VT","05251","Bennington",43.2548,-73.0922,"Single Family",NA,4,3.5,4672,NA,NA,NA,"Inactive",1495000,"2021-01-15T10:49:33.472Z","2022-08-09T17:54:34.082Z",572
"1","Fox-Ln,-Lot-3,-Dorset,-VT-05251","Fox Ln, Lot 3, Dorset, VT 05251","Fox Ln","Lot 3","Dorset","VT","05251","Bennington",43.2483,-73.0956,"Land",NA,NA,NA,NA,NA,NA,NA,"Inactive",245000,"2021-08-12T11:04:12.395Z","2022-08-09T17:51:26.712Z",363
"1","135-Tyler-Ln,-Dorset,-VT-05251","135 Tyler Ln, Dorset, VT 05251","135 Tyler Ln",NA,"Dorset","VT","05251","Bennington",43.2175,-73.0579,"Single Family",NA,2,2,1732,NA,NA,NA,"Inactive",629000,"2021-03-14T08:21:27.257Z","2022-08-09T17:36:29.612Z",514
"1","1741A-Upper-Hollow-Rd,-Dorset,-VT-05251","1741A Upper Hollow Rd, Dorset, VT 05251","1741A Upper Hollow Rd",NA,"Dorset","VT","05251","Bennington",43.2711,-73.057,"Land",NA,NA,NA,NA,NA,NA,NA,"Inactive",239000,"2020-11-21T08:24:33.765Z","2022-08-09T16:31:50.628Z",627
"1","62-Kent-Hill-Rd,-Dorset,-VT-05251","62 Kent Hill Rd, Dorset, VT 05251","62 Kent Hill Rd",NA,"Dorset","VT","05251","Bennington",43.2546,-73.0973,"Single Family",NA,3,2.5,2020,NA,NA,NA,"Inactive",735000,"2021-08-19T08:56:24.637Z","2022-08-09T16:12:29.148Z",356
"1","57-Birch-View-Ln,-Dorset,-VT-05251","57 Birch View Ln, Dorset, VT 05251","57 Birch View Ln",NA,"Dorset","VT","05251","Bennington",43.2941,-73.1054,"Single Family",NA,3,2.5,2600,NA,NA,NA,"Inactive",495000,"2021-06-18T08:49:05.483Z","2022-08-09T15:44:27.065Z",418
"1","585-Nichols-Hill-Rd,-Dorset,-VT-05251","585 Nichols Hill Rd, Dorset, VT 05251","585 Nichols Hill Rd",NA,"Dorset","VT","05251","Bennington",43.2329,-73.1059,"Single Family",NA,4,2.5,4224,NA,NA,NA,"Inactive",985000,"2021-07-18T08:26:13.582Z","2022-08-09T15:28:22.676Z",388
"1","310-And-316-Church-St,-Dorset,-VT-05251","310 And 316 Church St, Dorset, VT 05251","310 And 316 Church St",NA,"Dorset","VT","05251","Bennington",43.2552,-73.1057,"Single Family",NA,2,2.5,6072,NA,NA,NA,"Inactive",2200000,"2021-07-18T08:26:13.597Z","2022-08-09T15:24:06.340Z",388
"1","416-414-Dorset-Hollow-Rd,-Dorset,-VT-05251","416 414 Dorset Hollow Rd, Dorset, VT 05251","416 414 Dorset Hollow Rd",NA,"Dorset","VT","05251","Bennington",43.2549,-73.0921,"Single Family",NA,4,3.5,4672,NA,NA,NA,"Inactive",1395000,"2021-08-31T08:43:23.908Z","2022-08-09T15:24:06.340Z",344
"1","686-Route,-30,-Dorset,-VT-05251","686 Route, 30, Dorset, VT 05251","686 Route","30","Dorset","VT","05251","Bennington",43.2219,-73.0721,"Apartment",NA,2,2,1258,NA,NA,NA,"Inactive",230000,"2021-08-31T07:48:38.894Z","2022-08-09T15:19:01.899Z",344
"1","3111-Dorset-West-Rd,-Dorset,-VT-05251","3111 Dorset West Rd, Dorset, VT 05251","3111 Dorset West Rd",NA,"Dorset","VT","05251","Bennington",43.2519,-73.1107,"Single Family",NA,3,2.5,2738,NA,NA,NA,"Inactive",365000,"2021-06-05T10:27:53.218Z","2022-08-09T15:15:58.488Z",431
"1","3229-Dorset-West-Rd,-Dorset,-VT-05251","3229 Dorset West Rd, Dorset, VT 05251","3229 Dorset West Rd",NA,"Dorset","VT","05251","Bennington",43.2534,-73.1126,"Single Family",NA,4,2.5,4400,NA,NA,NA,"Inactive",1695000,"2021-07-27T06:48:05.741Z","2022-08-09T15:00:36.921Z",379
"1","212-Eagle-Ridge-Rd,-Dorset,-VT-05251","212 Eagle Ridge Rd, Dorset, VT 05251","212 Eagle Ridge Rd",NA,"Dorset","VT","05251","Bennington",43.215,-73.0489,"Single Family",NA,4,NA,4264,NA,NA,NA,"Inactive",635000,"2021-06-26T09:04:42.602Z","2022-08-09T15:00:36.921Z",410
"1","3000-Morse-Hill-Rd,-Dorset,-VT-05251","3000 Morse Hill Rd, Dorset, VT 05251","3000 Morse Hill Rd",NA,"Dorset","VT","05251","Bennington",43.221,-73.0618,"Single Family",NA,4,3,1863,NA,NA,NA,"Inactive",595000,"2021-09-15T12:26:24.349Z","2022-08-09T14:54:58.713Z",329
"1","1532-Morse-Hill-Rd,-Dorset,-VT-05251","1532 Morse Hill Rd, Dorset, VT 05251","1532 Morse Hill Rd",NA,"Dorset","VT","05251","Bennington",43.2172,-73.0355,"Land",NA,5,1.5,2400,NA,NA,NA,"Inactive",1299000,"2020-09-15T11:36:09.167Z","2022-08-08T19:44:53.507Z",693
"1","300-Fern-Hl,-Dorset,-VT-05251","300 Fern Hl, Dorset, VT 05251","300 Fern Hl",NA,"Dorset","VT","05251","Bennington",43.2312,-73.1053,"Single Family",NA,5,NA,5000,NA,NA,NA,"Inactive",1999000,"2021-07-27T06:48:05.738Z","2022-08-08T19:24:09.075Z",378
"1","664-Route,-30,-Dorset,-VT-05251","664 Route, 30, Dorset, VT 05251","664 Route","30","Dorset","VT","05251","Bennington",43.2217,-73.0717,"Apartment",NA,2,2,1258,NA,NA,NA,"Inactive",230000,"2021-08-16T05:51:59.596Z","2022-08-08T19:21:16.643Z",358
"1","2463-Route-30-Rte,-Dorset,-VT-05251","2463 Route 30 Rte, Dorset, VT 05251","2463 Route 30 Rte",NA,"Dorset","VT","05251","Bennington",43.2433,-73.0912,"Single Family",NA,3,1.5,1400,NA,NA,NA,"Inactive",440000,"2021-08-16T07:45:09.096Z","2022-08-08T18:54:37.823Z",358
"1","0-Sugar-House-Ln,-Dorset,-VT-05251","0 Sugar House Ln, Dorset, VT 05251","0 Sugar House Ln",NA,"Dorset","VT","05251","Bennington",43.2614,-73.0711,"Land",NA,NA,NA,NA,NA,NA,NA,"Inactive",425000,"2021-07-09T09:29:41.698Z","2022-08-08T18:39:25.790Z",396
"1","0-Dorset-Rd-W,-Unit-3,-Dorset,-VT-05251","0 Dorset Rd W, Unit 3, Dorset, VT 05251","0 Dorset Rd W","Unit 3","Dorset","VT","05251","Bennington",43.2253,-73.0868,"Land",NA,NA,NA,NA,NA,NA,NA,"Inactive",325000,"2021-07-09T09:29:41.679Z","2022-08-08T18:39:25.790Z",396
"1","0-Spruce-Unit-14-4-30-Ln,-Lot-4,-Dorset,-VT-05251","0 Spruce Unit 14-4 30 Ln, Lot 4, Dorset, VT 05251","0 Spruce Unit 14-4 30 Ln","Lot 4","Dorset","VT","05251","Bennington",43.2509,-73.0869,"Land",NA,NA,NA,NA,NA,NA,NA,"Inactive",239000,"2021-07-09T09:17:18.408Z","2022-08-08T18:39:25.790Z",396
"1","0-Fox-Ln,-Lot-3,-Dorset,-VT-05251","0 Fox Ln, Lot 3, Dorset, VT 05251","0 Fox Ln","Lot 3","Dorset","VT","05251","Bennington",43.2483,-73.0956,"Land",NA,NA,NA,NA,NA,NA,NA,"Inactive",245000,"2021-07-09T09:17:18.408Z","2022-08-08T18:39:25.790Z",396
"1","0-Owls-Head-Ln-S,-Dorset,-VT-05251","0 Owls Head Ln S, Dorset, VT 05251","0 Owls Head Ln S",NA,"Dorset","VT","05251","Bennington",43.2259,-73.0645,"Land",NA,NA,NA,NA,NA,NA,NA,"Inactive",215000,"2021-07-09T09:17:18.405Z","2022-08-08T18:39:25.790Z",396
"1","0-Kelleher-Rd,-Dorset,-VT-05251","0 Kelleher Rd, Dorset, VT 05251","0 Kelleher Rd",NA,"Dorset","VT","05251","Bennington",43.2164,-73.0631,"Land",NA,NA,NA,NA,NA,NA,NA,"Inactive",195000,"2021-07-09T09:17:18.404Z","2022-08-08T18:39:25.790Z",396
"1","325-Lower-Hollow-Rd,-Dorset,-VT-05251","325 Lower Hollow Rd, Dorset, VT 05251","325 Lower Hollow Rd",NA,"Dorset","VT","05251","Bennington",43.2592,-73.0767,"Land",NA,NA,NA,NA,NA,NA,NA,"Inactive",199000,"2020-09-15T08:51:00.588Z","2022-08-06T19:25:18.077Z",691
"1","2296-Route,-30,-Dorset,-VT-05251","2296 Route, 30, Dorset, VT 05251","2296 Route","30","Dorset","VT","05251","Bennington",43.2419,-73.0875,"Single Family",NA,4,2.5,2604,NA,NA,NA,"Inactive",599999,"2021-06-17T08:32:02.339Z","2022-08-06T19:32:13.150Z",416
"1","4104-Route,-30,-Dorset,-VT-05251","4104 Route, 30, Dorset, VT 05251","4104 Route","30","Dorset","VT","05251","Bennington",43.2647,-73.1045,"Single Family",NA,3,2.5,3154,NA,NA,NA,"Inactive",845000,"2021-05-30T07:25:48.130Z","2022-08-06T20:45:33.989Z",434
"1","669-Peace-St,-Dorset,-VT-05251","669 Peace St, Dorset, VT 05251","669 Peace St",NA,"Dorset","VT","05251","Bennington",43.2672,-73.095,"Single Family",NA,4,3.5,5125,NA,NA,NA,"Inactive",799000,"2021-05-30T07:25:48.146Z","2022-08-06T20:55:16.747Z",434
"1","226-Dusty-Hollow-Ln,-Dorset,-VT-05251","226 Dusty Hollow Ln, Dorset, VT 05251","226 Dusty Hollow Ln",NA,"Dorset","VT","05251","Bennington",43.2144,-73.0578,"Single Family",NA,3,2.5,2840,NA,NA,NA,"Inactive",600000,"2021-05-12T11:01:13.090Z","2022-08-06T20:55:16.747Z",452
"1","26-Overlook-Rd,-Dorset,-VT-05251","26 Overlook Rd, Dorset, VT 05251","26 Overlook Rd",NA,"Dorset","VT","05251","Bennington",43.2155,-73.0361,"Single Family",NA,1,2,1000,NA,NA,NA,"Inactive",269500,"2021-05-12T10:53:10.752Z","2022-08-06T20:57:46.561Z",452
"1","401-Pinnacle-Ln,-Dorset,-VT-05251","401 Pinnacle Ln, Dorset, VT 05251","401 Pinnacle Ln",NA,"Dorset","VT","05251","Bennington",43.2614,-73.0945,"Single Family",NA,5,3,3089,NA,NA,NA,"Inactive",749000,"2021-05-12T11:01:13.093Z","2022-08-07T15:08:39.802Z",453
"1","1435-Lower-Hollow-Rd,-Dorset,-VT-05251","1435 Lower Hollow Rd, Dorset, VT 05251","1435 Lower Hollow Rd",NA,"Dorset","VT","05251","Bennington",43.2627,-73.0576,"Single Family",NA,3,2,924,NA,NA,NA,"Inactive",409000,"2021-02-05T11:57:15.388Z","2022-08-07T15:08:39.802Z",549
"1","199-Dorset-Hollow-Rd,-Dorset,-VT-05251","199 Dorset Hollow Rd, Dorset, VT 05251","199 Dorset Hollow Rd",NA,"Dorset","VT","05251","Bennington",43.2554,-73.0945,"Single Family",NA,3,2.5,1403,NA,NA,NA,"Inactive",275000,"2021-04-12T05:42:51.904Z","2022-08-07T15:08:39.802Z",483
"1","Spruce-Unit-14-4-30-Ln,-Lot-4,-Dorset,-VT-05251","Spruce Unit 14-4 30 Ln, Lot 4, Dorset, VT 05251","Spruce Unit 14-4 30 Ln","Lot 4","Dorset","VT","05251","Bennington",43.2509,-73.0869,"Land",NA,NA,NA,NA,NA,NA,NA,"Inactive",239000,"2021-04-18T07:09:34.991Z","2022-08-07T15:08:39.802Z",477
"1","Lily-Pond-Ln,-Unit-6-501,-Dorset,-VT-05251","Lily Pond Ln, Unit 6-501, Dorset, VT 05251","Lily Pond Ln","Unit 6-501","Dorset","VT","05251","Bennington",43.2508,-73.0845,"Land",NA,NA,NA,NA,NA,NA,NA,"Inactive",350000,"2021-01-15T09:06:30.454Z","2022-08-07T17:07:37.615Z",570
"1","912-Route,-30,-Dorset,-VT-05251","912 Route, 30, Dorset, VT 05251","912 Route","30","Dorset","VT","05251","Bennington",43.2251,-73.0727,"Single Family",NA,4,3.5,2856,NA,NA,NA,"Inactive",550000,"2021-06-05T10:27:53.250Z","2022-08-07T17:20:13.238Z",429
"1","West-Rd,-Lot-8,-Dorset,-VT-05251","West Rd, Lot 8, Dorset, VT 05251","West Rd","Lot 8","Dorset","VT","05251","Bennington",43.2307,-73.0905,"Land",NA,NA,NA,NA,NA,NA,NA,"Inactive",175000,"2021-05-12T08:21:03.742Z","2022-08-07T17:28:08.298Z",453
"1","West-Rd,-Lot-9,-Dorset,-VT-05251","West Rd, Lot 9, Dorset, VT 05251","West Rd","Lot 9","Dorset","VT","05251","Bennington",43.2311,-73.0912,"Land",NA,NA,NA,NA,NA,NA,NA,"Inactive",100000,"2021-05-11T08:00:00.231Z","2022-08-07T17:32:09.766Z",454
"1","2745-Morse-Hill-Rd,-Dorset,-VT-05251","2745 Morse Hill Rd, Dorset, VT 05251","2745 Morse Hill Rd",NA,"Dorset","VT","05251","Bennington",43.2195,-73.0555,"Land",NA,NA,NA,NA,NA,NA,NA,"Inactive",165000,"2020-09-15T08:51:00.599Z","2022-08-07T17:53:43.682Z",692
"1","239-Birchstone-Ln,-Dorset,-VT-05251","239 Birchstone Ln, Dorset, VT 05251","239 Birchstone Ln",NA,"Dorset","VT","05251","Bennington",43.2659,-72.9945,"Single Family",NA,4,3,2577,NA,NA,NA,"Inactive",750000,"2021-04-06T09:51:27.975Z","2022-08-07T19:32:18.491Z",489
"1","403-Lower-Hollow-Rd,-Dorset,-VT-05251","403 Lower Hollow Rd, Dorset, VT 05251","403 Lower Hollow Rd",NA,"Dorset","VT","05251","Bennington",43.2592,-73.0758,"Single Family",NA,5,3.5,3140,NA,NA,NA,"Inactive",815000,"2020-10-03T08:42:12.430Z","2022-08-07T19:32:18.491Z",674
"1","2747-Morse-Hill-Rd,-Dorset,-VT-05251","2747 Morse Hill Rd, Dorset, VT 05251","2747 Morse Hill Rd",NA,"Dorset","VT","05251","Bennington",43.2188,-73.0572,"Single Family",NA,4,NA,3584,NA,NA,NA,"Inactive",895000,"2020-09-15T20:08:31.018Z","2022-08-07T19:32:18.491Z",691
"1","466-Marcia-Ln,-Dorset,-VT-05251","466 Marcia Ln, Dorset, VT 05251","466 Marcia Ln",NA,"Dorset","VT","05251","Bennington",43.278,-73.071,"Single Family",NA,6,5.5,7537,NA,NA,NA,"Inactive",2900000,"2020-09-15T20:08:31.028Z","2022-08-08T17:46:12.202Z",692
"1","2260-Route,-30,-Dorset,-VT-05251","2260 Route, 30, Dorset, VT 05251","2260 Route","30","Dorset","VT","05251","Bennington",43.2414,-73.087,"Single Family",NA,5,2.5,2625,NA,NA,NA,"Inactive",499000,"2020-12-03T19:29:19.844Z","2022-08-08T17:16:50.418Z",613
"1","2069-Upper-Hollow-Rd,-Dorset,-VT-05251","2069 Upper Hollow Rd, Dorset, VT 05251","2069 Upper Hollow Rd",NA,"Dorset","VT","05251","Bennington",43.2753,-73.0541,"Single Family",NA,4,3,4512,NA,NA,NA,"Inactive",825000,"2021-02-25T09:57:07.164Z","2022-08-08T17:16:50.418Z",530
"1","100-Twin-Willow-Ln,-Unit-8,-Dorset,-VT-05251","100 Twin Willow Ln, Unit 8, Dorset, VT 05251","100 Twin Willow Ln","Unit 8","Dorset","VT","05251","Bennington",43.2661,-73.0751,"Land",NA,NA,NA,NA,NA,NA,NA,"Inactive",450000,"2020-09-15T11:36:09.185Z","2022-08-08T17:16:50.418Z",693
"1","3378-30-Rte,-Dorset,-VT-05251","3378 30 Rte, Dorset, VT 05251","3378 30 Rte",NA,"Dorset","VT","05251","Bennington",43.2549,-73.0987,"Single Family",NA,15,13.5,6589,NA,NA,NA,"Inactive",875000,"2021-01-15T10:49:33.471Z","2022-08-08T16:43:12.041Z",571
"1","968-Route-30-Dr,-Dorset,-VT-05251","968 Route 30 Dr, Dorset, VT 05251","968 Route 30 Dr",NA,"Dorset","VT","05251","Bennington",43.2256,-73.0738,"Single Family",NA,2,1.5,2685,NA,NA,NA,"Inactive",425000,"2020-09-15T09:47:57.146Z","2022-08-08T16:41:53.932Z",693
"1","50-Red-Tail-Ln,-Dorset,-VT-05251","50 Red Tail Ln, Dorset, VT 05251","50 Red Tail Ln",NA,"Dorset","VT","05251","Bennington",43.2707,-73.0589,"Single Family",NA,4,4.5,5293,NA,NA,NA,"Inactive",1250000,"2020-10-29T08:23:22.408Z","2022-08-08T16:14:35.472Z",649
"1","2279-Danby-Mountain-Rd,-Dorset,-VT-05251","2279 Danby Mountain Rd, Dorset, VT 05251","2279 Danby Mountain Rd",NA,"Dorset","VT","05251","Bennington",43.2992,-73.1012,"Single Family",NA,3,2.5,3714,NA,NA,NA,"Inactive",875000,"2020-09-25T13:28:03.026Z","2022-08-08T15:56:22.486Z",683
"1","896-Route,-30,-Dorset,-VT-05251","896 Route, 30, Dorset, VT 05251","896 Route","30","Dorset","VT","05251","Bennington",43.2248,-73.0735,"Single Family",NA,2,1,1200,NA,NA,NA,"Inactive",169000,"2020-09-15T08:51:00.593Z","2022-08-08T15:50:35.504Z",693
"1","230-Timberbrook-Dr,-Dorset,-VT-05251","230 Timberbrook Dr, Dorset, VT 05251","230 Timberbrook Dr",NA,"Dorset","VT","05251","Bennington",43.2236,-73.0702,"Single Family",NA,3,2,1800,NA,NA,NA,"Inactive",399000,"2020-09-15T09:47:57.145Z","2022-08-08T15:38:23.750Z",693
"1","1409-Lower-Hollow-Rd,-Dorset,-VT-05251","1409 Lower Hollow Rd, Dorset, VT 05251","1409 Lower Hollow Rd",NA,"Dorset","VT","05251","Bennington",43.2621,-73.058,"Single Family",NA,3,3.5,2508,NA,NA,NA,"Inactive",795000,"2020-09-15T11:36:09.177Z","2022-08-08T15:32:52.218Z",693
"1","652-Danforth-Dr,-Dorset,-VT-05251","652 Danforth Dr, Dorset, VT 05251","652 Danforth Dr",NA,"Dorset","VT","05251","Bennington",43.2804,-73.1213,"Land",NA,NA,NA,NA,NA,NA,NA,"Inactive",275000,"2020-09-15T09:47:57.158Z","2022-08-08T15:30:16.460Z",693
"1","Marcia-Ln,-Dorset,-VT-05251","Marcia Ln, Dorset, VT 05251","Marcia Ln",NA,"Dorset","VT","05251","Bennington",43.2711,-73.0759,"Land",NA,NA,NA,NA,NA,NA,NA,"Inactive",600000,"2021-01-15T10:49:33.429Z","2022-08-08T15:15:45.520Z",571
"1","1841-Dorset-West-Rd,-Dorset,-VT-05251","1841 Dorset West Rd, Dorset, VT 05251","1841 Dorset West Rd",NA,"Dorset","VT","05251","Bennington",43.2363,-73.0978,"Single Family",NA,8,7.5,3984,NA,NA,NA,"Inactive",995000,"2020-09-15T20:08:31.024Z","2022-08-08T15:15:45.520Z",692
"1","456-Kelleher-Rd,-Dorset,-VT-05251","456 Kelleher Rd, Dorset, VT 05251","456 Kelleher Rd",NA,"Dorset","VT","05251","Bennington",43.2147,-73.0624,"Land",NA,NA,NA,NA,NA,NA,NA,"Inactive",150000,"2020-09-15T08:51:00.597Z","2022-08-08T15:10:35.246Z",693
"1","Read-Farm-Ln,-Dorset,-VT-05251","Read Farm Ln, Dorset, VT 05251","Read Farm Ln",NA,"Dorset","VT","05251","Bennington",43.2222,-73.0189,"Land",NA,NA,NA,NA,NA,NA,NA,"Inactive",79900,"2021-01-15T06:08:24.858Z","2022-08-08T15:08:02.180Z",571
"1","Black-Rock-Ln,-Lot-1,-Dorset,-VT-05251","Black Rock Ln, Lot 1, Dorset, VT 05251","Black Rock Ln","Lot 1","Dorset","VT","05251","Bennington",43.2441,-73.0777,"Land",NA,NA,NA,NA,NA,NA,NA,"Inactive",70000,"2020-11-21T05:30:05.288Z","2022-08-08T15:02:24.146Z",626
"1","500-Nims-Rd,-Unit-2,-Dorset,-VT-05251","500 Nims Rd, Unit 2, Dorset, VT 05251","500 Nims Rd","Unit 2","Dorset","VT","05251","Bennington",43.2582,-73.118,"Land",NA,NA,NA,NA,NA,NA,NA,"Inactive",725000,"2020-09-15T11:36:09.179Z","2022-08-07T23:19:37.402Z",692
"1","3039-Rt-30-St,-Dorset,-VT-05251","3039 Rt 30 St, Dorset, VT 05251","3039 Rt 30 St",NA,"Dorset","VT","05251","Bennington",43.2503,-73.0959,"Single Family",NA,4,NA,4335,NA,NA,NA,"Inactive",1695000,"2020-09-15T20:08:31.027Z","2022-08-07T23:19:37.402Z",692
"1","364-Green-Peak-Orchard-Rd,-Dorset,-VT-05251","364 Green Peak Orchard Rd, Dorset, VT 05251","364 Green Peak Orchard Rd",NA,"Dorset","VT","05251","Bennington",43.2165,-73.032,"Single Family",NA,6,NA,5626,NA,NA,NA,"Inactive",1600000,"2020-12-05T09:24:50.457Z","2022-08-07T23:19:37.402Z",611
"1","39-Eagle-Ridge-Rd,-Dorset,-VT-05251","39 Eagle Ridge Rd, Dorset, VT 05251","39 Eagle Ridge Rd",NA,"Dorset","VT","05251","Bennington",43.2167,-73.0462,"Single Family",NA,5,4.5,4278,NA,NA,NA,"Inactive",950000,"2020-09-23T11:01:08.237Z","2022-08-07T23:19:37.402Z",684
"1","1201-Kirby-Hollow-Rd,-Dorset,-VT-05251","1201 Kirby Hollow Rd, Dorset, VT 05251","1201 Kirby Hollow Rd",NA,"Dorset","VT","05251","Bennington",43.2716,-73.0959,"Single Family",NA,3,3,1358,NA,NA,NA,"Inactive",394900,"2020-09-25T11:47:23.297Z","2022-08-07T23:19:37.402Z",682
"1","130-Owls-Head-Hill-Ln,-Dorset,-VT-05251","130 Owls Head Hill Ln, Dorset, VT 05251","130 Owls Head Hill Ln",NA,"Dorset","VT","05251","Bennington",43.2262,-73.0722,"Single Family",NA,4,2.5,2016,NA,NA,NA,"Inactive",389000,"2020-09-15T09:47:57.156Z","2022-08-07T23:02:08.733Z",692
"1","188-Pastures-Ln,-Dorset,-VT-05251","188 Pastures Ln, Dorset, VT 05251","188 Pastures Ln",NA,"Dorset","VT","05251","Bennington",43.2816,-73.0503,"Single Family",NA,4,3,4054,NA,NA,NA,"Inactive",950000,"2020-09-15T20:08:31.023Z","2022-08-07T22:54:51.229Z",692
"1","Black-Rock-Ln,-Lot-10,-Dorset,-VT-05251","Black Rock Ln, Lot 10, Dorset, VT 05251","Black Rock Ln","Lot 10","Dorset","VT","05251","Bennington",43.2473,-73.0776,"Land",NA,NA,NA,NA,NA,NA,NA,"Inactive",70000,"2020-11-21T05:30:05.314Z","2022-08-07T22:53:40.385Z",625
"1","1035-Lower-Hollow-Rd,-Dorset,-VT-05251","1035 Lower Hollow Rd, Dorset, VT 05251","1035 Lower Hollow Rd",NA,"Dorset","VT","05251","Bennington",43.2595,-73.0633,"Single Family",NA,4,2,1404,NA,NA,NA,"Inactive",399000,"2020-09-15T09:47:57.160Z","2022-08-07T22:51:13.317Z",692
"1","1072-Dorset-Hill-Rd,-Dorset,-VT-05251","1072 Dorset Hill Rd, Dorset, VT 05251","1072 Dorset Hill Rd",NA,"Dorset","VT","05251","Bennington",43.2354,-73.0241,"Single Family",NA,4,3,1930,NA,NA,NA,"Inactive",399000,"2020-11-03T07:21:37.331Z","2022-08-07T22:51:13.317Z",643
"1","364-Green-Peak-Orch,-Dorset,-VT-05251","364 Green Peak Orch, Dorset, VT 05251","364 Green Peak Orch",NA,"Dorset","VT","05251","Bennington",43.2165,-73.032,"Single Family",NA,6,NA,5626,NA,NA,NA,"Inactive",1600000,"2020-09-15T20:08:31.022Z","2022-08-07T22:40:04.297Z",692
"1","2260-Route-30-Rte,-Dorset,-VT-05251","2260 Route 30 Rte, Dorset, VT 05251","2260 Route 30 Rte",NA,"Dorset","VT","05251","Bennington",43.2414,-73.087,"Single Family",NA,5,2.5,2625,NA,NA,NA,"Inactive",525000,"2020-11-23T11:18:06.640Z","2022-08-07T22:27:32.868Z",623
"1","50-Romance-Ln,-Dorset,-VT-05251","50 Romance Ln, Dorset, VT 05251","50 Romance Ln",NA,"Dorset","VT","05251","Bennington",43.2193,-73.0633,"Single Family",NA,3,2,2743,NA,NA,NA,"Inactive",350000,"2020-10-10T10:32:53.384Z","2022-08-07T22:21:01.781Z",667
"1","4976-Vermont-30-Rte,-Dorset,-VT-05251","4976 Vermont 30 Rte, Dorset, VT 05251","4976 Vermont 30 Rte",NA,"Dorset","VT","05251","Bennington",43.2702,-73.1181,"Single Family",NA,3,2,1398,NA,NA,NA,"Inactive",215000,"2020-09-15T08:51:00.602Z","2022-08-07T22:21:01.781Z",692
"1","2733-Dorset-West-Rd,-Dorset,-VT-05251","2733 Dorset West Rd, Dorset, VT 05251","2733 Dorset West Rd",NA,"Dorset","VT","05251","Bennington",43.2471,-73.1072,"Single Family",NA,4,4,4154,NA,NA,NA,"Inactive",795000,"2020-09-15T11:36:09.175Z","2022-08-07T22:19:42.219Z",692
"1","2279-Dorset-West-Rd,-Dorset,-VT-05251","2279 Dorset West Rd, Dorset, VT 05251","2279 Dorset West Rd",NA,"Dorset","VT","05251","Bennington",43.2412,-73.1032,"Single Family",NA,6,2,2834,NA,NA,NA,"Inactive",640000,"2020-09-15T11:36:09.198Z","2022-08-07T22:19:42.219Z",692
"1","540-Lower-Hollow-Rd,-Unit-7,-Dorset,-VT-05251","540 Lower Hollow Rd, Unit 7, Dorset, VT 05251","540 Lower Hollow Rd","Unit 7","Dorset","VT","05251","Bennington",43.2579,-73.0723,"Condo",NA,3,3,2264,NA,NA,NA,"Inactive",595000,"2020-10-27T08:28:52.965Z","2022-08-07T22:19:42.219Z",650
"1","780-Black-Rock-Ln,-Dorset,-VT-05251","780 Black Rock Ln, Dorset, VT 05251","780 Black Rock Ln",NA,"Dorset","VT","05251","Bennington",43.2453,-73.0809,"Single Family",NA,3,2,2100,NA,NA,NA,"Inactive",399000,"2020-09-15T09:47:57.157Z","2022-08-07T22:17:12.887Z",692
"1","705-Route-30-Rte,-Dorset,-VT-05251","705 Route 30 Rte, Dorset, VT 05251","705 Route 30 Rte",NA,"Dorset","VT","05251","Bennington",43.2219,-73.0732,"Single Family",NA,2,2.5,1316,NA,NA,NA,"Inactive",289000,"2020-09-15T09:47:57.158Z","2022-08-07T22:17:12.887Z",692
"1","274-Upper-Hollow-Rd,-Dorset,-VT-05251","274 Upper Hollow Rd, Dorset, VT 05251","274 Upper Hollow Rd",NA,"Dorset","VT","05251","Bennington",43.2618,-73.0785,"Single Family",NA,5,4.5,3808,NA,NA,NA,"Inactive",995000,"2020-09-15T20:08:31.024Z","2022-08-07T22:01:45.940Z",692
"1","262-Nichols-Hill-Rd,-Dorset,-VT-05251","262 Nichols Hill Rd, Dorset, VT 05251","262 Nichols Hill Rd",NA,"Dorset","VT","05251","Bennington",43.2374,-73.104,"Single Family",NA,2,1,1848,NA,NA,NA,"Inactive",395000,"2020-09-15T09:47:57.162Z","2022-08-07T21:45:14.861Z",692
"1","201-Peace-St,-Dorset,-VT-05251","201 Peace St, Dorset, VT 05251","201 Peace St",NA,"Dorset","VT","05251","Bennington",43.2628,-73.1013,"Single Family",NA,5,4.5,3708,NA,NA,NA,"Inactive",389000,"2020-09-15T09:47:57.160Z","2022-08-07T21:30:30.450Z",692
"1","4378-Vermont-30-Rte,-Dorset,-VT-05251","4378 Vermont 30 Rte, Dorset, VT 05251","4378 Vermont 30 Rte",NA,"Dorset","VT","05251","Bennington",43.2677,-73.1079,"Single Family",NA,2,1.5,1122,NA,NA,NA,"Inactive",225000,"2020-09-27T07:21:35.110Z","2022-08-07T21:11:58.517Z",680
"1","126-Nichols-Hill-Rd,-Dorset,-VT-05251","126 Nichols Hill Rd, Dorset, VT 05251","126 Nichols Hill Rd",NA,"Dorset","VT","05251","Bennington",43.2374,-73.1009,"Single Family",NA,6,5,4665,NA,NA,NA,"Inactive",1150000,"2020-09-15T20:08:31.019Z","2022-08-07T21:08:20.869Z",692
"1","141-Blackberry-Ln,-Dorset,-VT-05251","141 Blackberry Ln, Dorset, VT 05251","141 Blackberry Ln",NA,"Dorset","VT","05251","Bennington",43.2413,-73.0948,"Single Family",NA,3,2,1380,NA,NA,NA,"Inactive",249000,"2020-09-15T08:51:00.593Z","2022-08-07T20:47:18.565Z",692
"1","2804-Dorset-West-Rd,-Dorset,-VT-05251","2804 Dorset West Rd, Dorset, VT 05251","2804 Dorset West Rd",NA,"Dorset","VT","05251","Bennington",43.2491,-73.1058,"Single Family",NA,4,2,2950,NA,NA,NA,"Inactive",850000,"2020-09-29T11:05:30.414Z","2022-08-07T20:36:35.867Z",678
"1","665-Awesome-View-Dr,-Dorset,-VT-05251","665 Awesome View Dr, Dorset, VT 05251","665 Awesome View Dr",NA,"Dorset","VT","05251","Bennington",43.2481,-73.0925,"Single Family",NA,3,4,3756,NA,NA,NA,"Inactive",595000,"2020-09-15T11:36:09.179Z","2022-08-07T20:30:10.799Z",692
"1","105-Meadow-Ln,-Dorset,-VT-05251","105 Meadow Ln, Dorset, VT 05251","105 Meadow Ln",NA,"Dorset","VT","05251","Bennington",43.2516,-73.0977,"Single Family",NA,3,2.5,2252,NA,NA,NA,"Inactive",595000,"2020-09-19T13:26:34.811Z","2022-08-07T20:30:10.799Z",688
"1","111-Marcia-Ln,-Dorset,-VT-05251","111 Marcia Ln, Dorset, VT 05251","111 Marcia Ln",NA,"Dorset","VT","05251","Bennington",43.2678,-73.0734,"Single Family",NA,4,NA,5545,NA,NA,NA,"Inactive",2395000,"2020-09-15T20:08:31.027Z","2022-08-07T20:28:56.934Z",692
"1","1284-Upper-Hollow-Rd,-Dorset,-VT-05251","1284 Upper Hollow Rd, Dorset, VT 05251","1284 Upper Hollow Rd",NA,"Dorset","VT","05251","Bennington",43.2654,-73.0603,"Single Family",NA,4,3.5,3938,NA,NA,NA,"Inactive",1175000,"2020-09-15T20:08:31.018Z","2022-08-07T20:28:56.934Z",692
"1","2722-Danby-Mountain-Rd,-Dorset,-VT-05251","2722 Danby Mountain Rd, Dorset, VT 05251","2722 Danby Mountain Rd",NA,"Dorset","VT","05251","Bennington",43.3032,-73.0947,"Single Family",NA,3,2.5,2600,NA,NA,NA,"Inactive",449000,"2020-09-15T11:36:09.162Z","2022-08-07T20:28:56.934Z",692
"1","208-Lower-Hollow-Rd,-Dorset,-VT-05251","208 Lower Hollow Rd, Dorset, VT 05251","208 Lower Hollow Rd",NA,"Dorset","VT","05251","Bennington",43.2529,-73.0755,"Single Family",NA,3,NA,5045,NA,NA,NA,"Inactive",1275000,"2020-09-15T20:08:31.020Z","2022-08-07T20:22:56.360Z",692
"1","237-Lily-Pond-Rd,-Dorset,-VT-05251","237 Lily Pond Rd, Dorset, VT 05251","237 Lily Pond Rd",NA,"Dorset","VT","05251","Bennington",43.2749,-73.0652,"Single Family",NA,5,4.5,5716,NA,NA,NA,"Inactive",2750000,"2020-09-15T20:08:31.017Z","2022-08-07T20:12:08.717Z",692
